Order ID,Order Date,Ship Date,Customer ID,Customer Name,Segment,Region,City,Category,Sub-Category,Product ID,Product Name,Qty,Unit Price (₹),Discount,Sales (₹),Cost (₹),Profit (₹),Returned
ORD-2001,2025-01-01,2025-01-02,C218,Rajat Mehta,Consumer,West,Pune,Apparel,Bottomwear,P006,Denim Jeans,2,1999,0.3,2799,2100,699,N
ORD-2002,2025-01-01,2025-01-02,C024,Rajat Bhatt,Consumer,South,Chennai,Home,Decor,P025,Cushion Cover Set,1,699,0.05,664,320,344,N
ORD-2003,2025-01-01,2025-01-03,C172,Pankaj Kapoor,Home Office,South,Bengaluru,Home,Decor,P010,Table Lamp,1,999,0.05,949,520,429,N
ORD-2004,2025-01-03,2025-01-05,C148,Divya Jain,Home Office,West,Pune,Apparel,Footwear,P020,Running Shoes,1,3299,0.4,1979,1900,79,N
ORD-2005,2025-01-03,2025-01-07,C065,Aditya Shah,Consumer,South,Hyderabad,Furniture,Seating,P033,Office Chair,1,8999,0.3,6299,6800,-501,N
ORD-2006,2025-01-03,2025-01-09,C212,Karan Das,Home Office,South,Hyderabad,Beauty,Makeup,P027,Lip Balm Set,4,399,0.0,1596,640,956,N
ORD-2007,2025-01-04,2025-01-07,C200,Aditya Joshi,Consumer,North,Delhi,Electronics,Accessories,P017,Mechanical Keyboard,1,3499,0.05,3324,2200,1124,N
ORD-2008,2025-01-05,2025-01-11,C200,Aditya Joshi,Consumer,North,Delhi,Furniture,Storage,P035,Bookshelf,1,5999,0.3,4199,4600,-401,N
ORD-2009,2025-01-05,2025-01-08,C034,Ramesh Saxena,Corporate,North,Delhi,Electronics,Accessories,P017,Mechanical Keyboard,1,3499,0.05,3324,2200,1124,N
ORD-2010,2025-01-06,2025-01-08,C163,Kavya Das,Corporate,West,Pune,Beauty,Skincare,P011,Face Serum,3,899,0.15,2292,1140,1152,N
ORD-2011,2025-01-06,2025-01-10,C137,Priya Verma,Consumer,South,Bengaluru,Furniture,Storage,P035,Bookshelf,1,5999,0.1,5399,4600,799,N
ORD-2012,2025-01-07,2025-01-10,C135,Sneha Bhatt,Corporate,South,Hyderabad,Electronics,Audio,P018,Noise-Cancelling Headphones,1,7999,0.05,7599,5600,1999,N
ORD-2013,2025-01-08,2025-01-09,C030,Anjali Joshi,Corporate,South,Chennai,Electronics,Accessories,P019,Webcam HD,1,2199,0.0,2199,1400,799,N
ORD-2014,2025-01-09,2025-01-11,C153,Meera Malhotra,Consumer,North,Delhi,Home,Decor,P025,Cushion Cover Set,4,699,0.0,2796,1280,1516,N
ORD-2015,2025-01-10,2025-01-12,C166,Suresh Nair,Home Office,North,Delhi,Beauty,Skincare,P029,Sunscreen SPF 50,1,599,0.2,479,270,209,N
ORD-2016,2025-01-10,2025-01-13,C089,Divya Kumar,Consumer,South,Hyderabad,Apparel,Outerwear,P022,Winter Jacket,1,3999,0.2,3199,2400,799,N
ORD-2017,2025-01-10,2025-01-14,C058,Tarun Kapoor,Consumer,North,Delhi,Apparel,Bottomwear,P006,Denim Jeans,2,1999,0.0,3998,2100,1898,N
ORD-2018,2025-01-11,2025-01-17,C120,Anjali Patel,Consumer,North,Delhi,Furniture,Storage,P035,Bookshelf,1,5999,0.3,4199,4600,-401,N
ORD-2019,2025-01-11,2025-01-17,C074,Deepak Sharma,Consumer,West,Ahmedabad,Furniture,Storage,P037,Shoe Rack,1,2499,0.2,1999,1700,299,N
ORD-2020,2025-01-11,2025-01-17,C162,Sahil Singh,Consumer,West,Mumbai,Electronics,Audio,P018,Noise-Cancelling Headphones,2,7999,0.15,13598,11200,2398,N
ORD-2021,2025-01-12,2025-01-15,C001,Neha Verma,Consumer,South,Bengaluru,Apparel,Outerwear,P022,Winter Jacket,2,3999,0.1,7198,4800,2398,N
ORD-2022,2025-01-12,2025-01-19,C168,Divya Kapoor,Consumer,North,Delhi,Beauty,Makeup,P027,Lip Balm Set,2,399,0.15,678,320,358,N
ORD-2023,2025-01-12,2025-01-18,C056,Harsh Bhatt,Consumer,North,Delhi,Apparel,Bottomwear,P006,Denim Jeans,1,1999,0.2,1599,1050,549,N
ORD-2024,2025-01-13,2025-01-18,C122,Anjali Malhotra,Corporate,West,Ahmedabad,Stationery,Writing,P014,Gel Pens Pack,1,199,0.1,179,90,89,N
ORD-2025,2025-01-13,2025-01-18,C179,Zoya Jain,Corporate,South,Chennai,Apparel,Bottomwear,P006,Denim Jeans,2,1999,0.2,3198,2100,1098,N
ORD-2026,2025-01-13,2025-01-18,C090,Varun Malhotra,Corporate,South,Bengaluru,Beauty,Fragrance,P012,Perfume,3,1599,0.0,4797,2250,2547,N
ORD-2027,2025-01-14,2025-01-17,C178,Gaurav Pillai,Home Office,South,Bengaluru,Furniture,Storage,P035,Bookshelf,3,5999,0.2,14398,13800,598,N
ORD-2028,2025-01-14,2025-01-20,C115,Naveen Desai,Consumer,West,Mumbai,Beauty,Skincare,P029,Sunscreen SPF 50,2,599,0.0,1198,540,658,N
ORD-2029,2025-01-14,2025-01-16,C022,Gaurav Saxena,Consumer,West,Mumbai,Home,Kitchen,P009,Coffee Maker,2,2999,0.05,5698,4000,1698,N
ORD-2030,2025-01-14,2025-01-21,C045,Vivaan Bose,Consumer,South,Bengaluru,Electronics,Audio,P018,Noise-Cancelling Headphones,2,7999,0.2,12798,11200,1598,N
ORD-2031,2025-01-14,2025-01-21,C188,Zoya Desai,Home Office,North,Delhi,Apparel,Footwear,P020,Running Shoes,1,3299,0.1,2969,1900,1069,N
ORD-2032,2025-01-15,2025-01-17,C034,Ramesh Saxena,Corporate,North,Delhi,Home,Bedding,P008,Cotton Bedsheet,2,1299,0.05,2468,1400,1068,N
ORD-2033,2025-01-15,2025-01-20,C174,Deepak Kumar,Corporate,West,Ahmedabad,Beauty,Fragrance,P012,Perfume,1,1599,0.1,1439,750,689,N
ORD-2034,2025-01-15,2025-01-18,C084,Meera Chopra,Corporate,East,Kolkata,Apparel,Topwear,P005,Cotton T-Shirt,4,799,0.1,2876,1520,1356,N
ORD-2035,2025-01-15,2025-01-16,C122,Anjali Malhotra,Corporate,West,Ahmedabad,Home,Decor,P025,Cushion Cover Set,1,699,0.05,664,320,344,N
ORD-2036,2025-01-16,2025-01-20,C186,Ananya Shah,Corporate,North,Delhi,Beauty,Fragrance,P012,Perfume,2,1599,0.1,2878,1500,1378,N
ORD-2037,2025-01-16,2025-01-17,C031,Manoj Bose,Consumer,West,Ahmedabad,Beauty,Skincare,P029,Sunscreen SPF 50,2,599,0.0,1198,540,658,N
ORD-2038,2025-01-16,2025-01-20,C079,Sahil Saxena,Corporate,North,Delhi,Electronics,Accessories,P017,Mechanical Keyboard,2,3499,0.0,6998,4400,2598,N
ORD-2039,2025-01-16,2025-01-18,C017,Manoj Saxena,Home Office,South,Bengaluru,Home,Decor,P010,Table Lamp,1,999,0.05,949,520,429,N
ORD-2040,2025-01-16,2025-01-17,C022,Gaurav Saxena,Consumer,West,Mumbai,Home,Decor,P010,Table Lamp,1,999,0.2,799,520,279,Y
ORD-2041,2025-01-17,2025-01-24,C212,Karan Das,Home Office,South,Hyderabad,Home,Decor,P025,Cushion Cover Set,1,699,0.0,699,320,379,N
ORD-2042,2025-01-17,2025-01-20,C045,Vivaan Bose,Consumer,South,Bengaluru,Beauty,Skincare,P011,Face Serum,4,899,0.1,3236,1520,1716,N
ORD-2043,2025-01-17,2025-01-21,C095,Pooja Kapoor,Consumer,West,Pune,Apparel,Footwear,P020,Running Shoes,2,3299,0.2,5278,3800,1478,N
ORD-2044,2025-01-17,2025-01-23,C173,Isha Desai,Consumer,South,Hyderabad,Stationery,Writing,P014,Gel Pens Pack,1,199,0.0,199,90,109,N
ORD-2045,2025-01-18,2025-01-21,C012,Suresh Desai,Home Office,South,Bengaluru,Furniture,Storage,P037,Shoe Rack,1,2499,0.4,1499,1700,-201,N
ORD-2046,2025-01-18,2025-01-20,C133,Meera Das,Consumer,East,Kolkata,Apparel,Footwear,P020,Running Shoes,1,3299,0.0,3299,1900,1399,N
ORD-2047,2025-01-18,2025-01-20,C064,Amit Singh,Corporate,West,Pune,Stationery,Writing,P014,Gel Pens Pack,3,199,0.1,537,270,267,N
ORD-2048,2025-01-18,2025-01-25,C002,Ramesh Shah,Consumer,North,Delhi,Home,Kitchen,P009,Coffee Maker,2,2999,0.1,5398,4000,1398,N
ORD-2049,2025-01-19,2025-01-23,C170,Arjun Verma,Consumer,South,Chennai,Apparel,Bottomwear,P006,Denim Jeans,1,1999,0.2,1599,1050,549,N
ORD-2050,2025-01-19,2025-01-21,C176,Divya Desai,Consumer,South,Chennai,Beauty,Skincare,P029,Sunscreen SPF 50,1,599,0.15,509,270,239,N
ORD-2051,2025-01-20,2025-01-22,C143,Rahul Rao,Consumer,South,Hyderabad,Home,Decor,P025,Cushion Cover Set,3,699,0.0,2097,960,1137,N
ORD-2052,2025-01-20,2025-01-27,C025,Zoya Kulkarni,Corporate,West,Mumbai,Beauty,Skincare,P011,Face Serum,1,899,0.1,809,380,429,N
ORD-2053,2025-01-20,2025-01-25,C051,Suresh Bhatt,Consumer,West,Mumbai,Furniture,Seating,P033,Office Chair,1,8999,0.3,6299,6800,-501,N
ORD-2054,2025-01-20,2025-01-22,C080,Neha Saxena,Consumer,West,Mumbai,Furniture,Seating,P033,Office Chair,1,8999,0.1,8099,6800,1299,N
ORD-2055,2025-01-21,2025-01-28,C051,Suresh Bhatt,Consumer,West,Mumbai,Apparel,Topwear,P007,Hoodie,2,1799,0.2,2878,1900,978,N
ORD-2056,2025-01-21,2025-01-27,C101,Varun Sharma,Consumer,North,Delhi,Home,Decor,P025,Cushion Cover Set,1,699,0.0,699,320,379,N
ORD-2057,2025-01-21,2025-01-25,C017,Manoj Saxena,Home Office,South,Bengaluru,Stationery,Desk,P032,Whiteboard,1,1299,0.1,1169,780,389,N
ORD-2058,2025-01-22,2025-01-23,C211,Rohan Kumar,Consumer,North,Delhi,Furniture,Storage,P037,Shoe Rack,4,2499,0.4,5998,6800,-802,N
ORD-2059,2025-01-22,2025-01-23,C212,Karan Das,Home Office,South,Hyderabad,Beauty,Makeup,P027,Lip Balm Set,3,399,0.2,958,480,478,N
ORD-2060,2025-01-23,2025-01-28,C058,Tarun Kapoor,Consumer,North,Delhi,Home,Kitchen,P009,Coffee Maker,1,2999,0.05,2849,2000,849,N
ORD-2061,2025-01-24,2025-01-30,C169,Priya Bose,Home Office,West,Mumbai,Beauty,Haircare,P028,Shampoo and Conditioner,1,749,0.1,674,350,324,N
ORD-2062,2025-01-24,2025-01-31,C169,Priya Bose,Home Office,West,Mumbai,Home,Decor,P010,Table Lamp,5,999,0.0,4995,2600,2395,N
ORD-2063,2025-01-25,2025-01-26,C112,Riya Chopra,Corporate,South,Hyderabad,Stationery,Writing,P014,Gel Pens Pack,5,199,0.0,995,450,545,N
ORD-2064,2025-01-25,2025-02-01,C212,Karan Das,Home Office,South,Hyderabad,Furniture,Storage,P035,Bookshelf,2,5999,0.2,9598,9200,398,N
ORD-2065,2025-01-25,2025-01-28,C042,Nikhil Joshi,Consumer,South,Hyderabad,Home,Kitchen,P009,Coffee Maker,1,2999,0.05,2849,2000,849,N
ORD-2066,2025-01-26,2025-01-27,C065,Aditya Shah,Consumer,South,Hyderabad,Apparel,Bottomwear,P006,Denim Jeans,5,1999,0.1,8996,5250,3746,N
ORD-2067,2025-01-26,2025-02-01,C169,Priya Bose,Home Office,West,Mumbai,Beauty,Fragrance,P012,Perfume,1,1599,0.0,1599,750,849,N
ORD-2068,2025-01-26,2025-01-29,C035,Nikhil Shah,Home Office,North,Delhi,Electronics,Audio,P018,Noise-Cancelling Headphones,2,7999,0.1,14398,11200,3198,N
ORD-2069,2025-01-27,2025-01-30,C084,Meera Chopra,Corporate,East,Kolkata,Beauty,Fragrance,P012,Perfume,4,1599,0.1,5756,3000,2756,N
ORD-2070,2025-01-27,2025-02-03,C175,Divya Menon,Consumer,West,Mumbai,Home,Decor,P025,Cushion Cover Set,1,699,0.3,489,320,169,N
ORD-2071,2025-01-28,2025-02-04,C019,Mohit Rao,Home Office,South,Bengaluru,Electronics,Wearables,P002,Smart Watch,1,5999,0.0,5999,4300,1699,N
ORD-2072,2025-01-28,2025-02-02,C155,Deepak Patel,Consumer,North,Delhi,Stationery,Paper,P013,Notebook,2,149,0.0,298,140,158,N
ORD-2073,2025-01-29,2025-01-30,C051,Suresh Bhatt,Consumer,West,Mumbai,Home,Decor,P010,Table Lamp,4,999,0.1,3596,2080,1516,N
ORD-2074,2025-01-29,2025-01-30,C154,Priya Menon,Corporate,South,Chennai,Home,Decor,P025,Cushion Cover Set,1,699,0.3,489,320,169,N
ORD-2075,2025-01-29,2025-02-02,C099,Ananya Bhatt,Consumer,South,Chennai,Electronics,Wearables,P002,Smart Watch,2,5999,0.0,11998,8600,3398,N
ORD-2076,2025-01-29,2025-02-05,C006,Kunal Bose,Consumer,East,Kolkata,Stationery,Desk,P032,Whiteboard,2,1299,0.0,2598,1560,1038,N
ORD-2077,2025-01-30,2025-02-02,C216,Isha Reddy,Consumer,South,Hyderabad,Apparel,Footwear,P020,Running Shoes,1,3299,0.0,3299,1900,1399,N
ORD-2078,2025-01-30,2025-02-03,C087,Isha Bhatt,Consumer,North,Delhi,Stationery,Paper,P013,Notebook,1,149,0.1,134,70,64,N
ORD-2079,2025-01-30,2025-01-31,C036,Shreya Nair,Consumer,North,Delhi,Electronics,Accessories,P019,Webcam HD,4,2199,0.15,7477,5600,1877,N
ORD-2080,2025-01-31,2025-02-07,C047,Arjun Kulkarni,Consumer,North,Delhi,Apparel,Footwear,P020,Running Shoes,2,3299,0.3,4619,3800,819,N
ORD-2081,2025-01-31,2025-02-04,C011,Isha Shah,Consumer,West,Pune,Apparel,Bottomwear,P006,Denim Jeans,2,1999,0.5,1999,2100,-101,N
ORD-2082,2025-01-31,2025-02-05,C142,Meera Menon,Consumer,South,Chennai,Stationery,Writing,P014,Gel Pens Pack,2,199,0.0,398,180,218,N
ORD-2083,2025-01-31,2025-02-06,C057,Nikhil Rao,Corporate,West,Mumbai,Home,Bedding,P008,Cotton Bedsheet,1,1299,0.0,1299,700,599,N
ORD-2084,2025-01-31,2025-02-07,C060,Divya Mehta,Consumer,South,Hyderabad,Furniture,Seating,P033,Office Chair,1,8999,0.1,8099,6800,1299,N
ORD-2085,2025-01-31,2025-02-06,C197,Meera Nair,Corporate,East,Kolkata,Home,Decor,P025,Cushion Cover Set,1,699,0.0,699,320,379,N
ORD-2086,2025-02-01,2025-02-03,C001,Neha Verma,Consumer,South,Bengaluru,Beauty,Makeup,P027,Lip Balm Set,1,399,0.1,359,160,199,N
ORD-2087,2025-02-01,2025-02-02,C100,Naveen Shah,Corporate,West,Mumbai,Beauty,Makeup,P027,Lip Balm Set,1,399,0.15,339,160,179,N
ORD-2088,2025-02-02,2025-02-07,C121,Harsh Kumar,Consumer,East,Kolkata,Apparel,Footwear,P020,Running Shoes,4,3299,0.2,10557,7600,2957,N
ORD-2089,2025-02-02,2025-02-07,C134,Pankaj Patel,Consumer,South,Chennai,Furniture,Seating,P033,Office Chair,1,8999,0.3,6299,6800,-501,N
ORD-2090,2025-02-03,2025-02-08,C089,Divya Kumar,Consumer,South,Hyderabad,Furniture,Storage,P035,Bookshelf,2,5999,0.3,8399,9200,-801,N
ORD-2091,2025-02-04,2025-02-07,C109,Aarav Kulkarni,Home Office,South,Bengaluru,Apparel,Topwear,P007,Hoodie,1,1799,0.1,1619,950,669,N
ORD-2092,2025-02-04,2025-02-05,C008,Riya Bose,Home Office,West,Mumbai,Electronics,Accessories,P019,Webcam HD,2,2199,0.0,4398,2800,1598,N
ORD-2093,2025-02-05,2025-02-11,C071,Priya Shah,Consumer,South,Bengaluru,Stationery,Desk,P032,Whiteboard,6,1299,0.0,7794,4680,3114,N
ORD-2094,2025-02-05,2025-02-07,C116,Meera Joshi,Consumer,North,Delhi,Home,Kitchen,P009,Coffee Maker,2,2999,0.05,5698,4000,1698,N
ORD-2095,2025-02-05,2025-02-12,C014,Rahul Jain,Consumer,South,Bengaluru,Stationery,Paper,P013,Notebook,6,149,0.0,894,420,474,N
ORD-2096,2025-02-06,2025-02-13,C045,Vivaan Bose,Consumer,South,Bengaluru,Furniture,Seating,P033,Office Chair,3,8999,0.2,21598,20400,1198,Y
ORD-2097,2025-02-07,2025-02-12,C168,Divya Kapoor,Consumer,North,Delhi,Home,Decor,P025,Cushion Cover Set,2,699,0.0,1398,640,758,N
ORD-2098,2025-02-07,2025-02-13,C085,Vivaan Jain,Home Office,South,Bengaluru,Electronics,Audio,P018,Noise-Cancelling Headphones,2,7999,0.15,13598,11200,2398,N
ORD-2099,2025-02-08,2025-02-10,C084,Meera Chopra,Corporate,East,Kolkata,Home,Kitchen,P024,Air Fryer,3,5499,0.05,15672,11700,3972,N
ORD-2100,2025-02-08,2025-02-13,C019,Mohit Rao,Home Office,South,Bengaluru,Furniture,Tables,P038,Bedside Table,1,3499,0.3,2449,2500,-51,N
ORD-2101,2025-02-08,2025-02-13,C197,Meera Nair,Corporate,East,Kolkata,Furniture,Storage,P037,Shoe Rack,1,2499,0.3,1749,1700,49,N
ORD-2102,2025-02-09,2025-02-15,C060,Divya Mehta,Consumer,South,Hyderabad,Apparel,Bottomwear,P023,Yoga Pants,1,1199,0.3,839,600,239,N
ORD-2103,2025-02-10,2025-02-16,C210,Sahil Desai,Home Office,South,Bengaluru,Home,Decor,P010,Table Lamp,2,999,0.05,1898,1040,858,N
ORD-2104,2025-02-10,2025-02-17,C059,Vikram Verma,Consumer,South,Chennai,Electronics,Audio,P018,Noise-Cancelling Headphones,2,7999,0.1,14398,11200,3198,N
ORD-2105,2025-02-12,2025-02-13,C014,Rahul Jain,Consumer,South,Bengaluru,Apparel,Footwear,P020,Running Shoes,1,3299,0.0,3299,1900,1399,N
ORD-2106,2025-02-12,2025-02-15,C125,Rahul Shah,Consumer,North,Delhi,Home,Kitchen,P009,Coffee Maker,1,2999,0.0,2999,2000,999,N
ORD-2107,2025-02-12,2025-02-14,C049,Mohit Nair,Consumer,South,Bengaluru,Stationery,Paper,P013,Notebook,4,149,0.0,596,280,316,N
ORD-2108,2025-02-12,2025-02-15,C137,Priya Verma,Consumer,South,Bengaluru,Furniture,Storage,P037,Shoe Rack,1,2499,0.0,2499,1700,799,N
ORD-2109,2025-02-13,2025-02-15,C123,Harsh Menon,Consumer,East,Kolkata,Furniture,Tables,P034,Study Table,2,6499,0.1,11698,10000,1698,N
ORD-2110,2025-02-14,2025-02-19,C116,Meera Joshi,Consumer,North,Delhi,Furniture,Tables,P034,Study Table,1,6499,0.4,3899,5000,-1101,N
ORD-2111,2025-02-14,2025-02-19,C158,Ramesh Sharma,Consumer,South,Bengaluru,Apparel,Footwear,P020,Running Shoes,1,3299,0.4,1979,1900,79,N
ORD-2112,2025-02-14,2025-02-16,C166,Suresh Nair,Home Office,North,Delhi,Beauty,Fragrance,P012,Perfume,3,1599,0.15,4077,2250,1827,N
ORD-2113,2025-02-14,2025-02-16,C153,Meera Malhotra,Consumer,North,Delhi,Home,Decor,P025,Cushion Cover Set,2,699,0.05,1328,640,688,N
ORD-2114,2025-02-14,2025-02-20,C187,Ananya Bose,Consumer,North,Delhi,Home,Kitchen,P009,Coffee Maker,1,2999,0.05,2849,2000,849,N
ORD-2115,2025-02-15,2025-02-16,C185,Rohan Desai,Consumer,South,Hyderabad,Home,Decor,P025,Cushion Cover Set,4,699,0.0,2796,1280,1516,N
ORD-2116,2025-02-15,2025-02-20,C071,Priya Shah,Consumer,South,Bengaluru,Home,Kitchen,P009,Coffee Maker,2,2999,0.05,5698,4000,1698,N
ORD-2117,2025-02-16,2025-02-22,C028,Deepak Kulkarni,Consumer,West,Mumbai,Home,Decor,P010,Table Lamp,1,999,0.05,949,520,429,N
ORD-2118,2025-02-16,2025-02-23,C157,Aarav Bhatt,Corporate,South,Bengaluru,Stationery,Desk,P030,Stapler Set,3,249,0.0,747,360,387,N
ORD-2119,2025-02-16,2025-02-22,C084,Meera Chopra,Corporate,East,Kolkata,Home,Decor,P025,Cushion Cover Set,1,699,0.3,489,320,169,N
ORD-2120,2025-02-17,2025-02-24,C045,Vivaan Bose,Consumer,South,Bengaluru,Apparel,Bottomwear,P023,Yoga Pants,5,1199,0.1,5396,3000,2396,N
ORD-2121,2025-02-17,2025-02-19,C182,Zoya Verma,Consumer,West,Pune,Furniture,Tables,P038,Bedside Table,1,3499,0.0,3499,2500,999,Y
ORD-2122,2025-02-18,2025-02-20,C108,Manoj Gupta,Home Office,North,Delhi,Furniture,Seating,P036,Sofa Chair,1,12999,0.1,11699,10200,1499,N
ORD-2123,2025-02-19,2025-02-23,C068,Varun Nair,Corporate,West,Mumbai,Furniture,Tables,P038,Bedside Table,1,3499,0.1,3149,2500,649,N
ORD-2124,2025-02-19,2025-02-24,C018,Riya Pillai,Home Office,West,Mumbai,Stationery,Paper,P013,Notebook,1,149,0.05,142,70,72,N
ORD-2125,2025-02-20,2025-02-25,C142,Meera Menon,Consumer,South,Chennai,Furniture,Seating,P033,Office Chair,2,8999,0.4,10799,13600,-2801,N
ORD-2126,2025-02-20,2025-02-26,C081,Arjun Iyer,Consumer,South,Bengaluru,Electronics,Audio,P018,Noise-Cancelling Headphones,1,7999,0.0,7999,5600,2399,N
ORD-2127,2025-02-21,2025-02-22,C169,Priya Bose,Home Office,West,Mumbai,Home,Decor,P025,Cushion Cover Set,1,699,0.2,559,320,239,N
ORD-2128,2025-02-21,2025-02-24,C129,Mohit Kumar,Consumer,West,Mumbai,Furniture,Storage,P035,Bookshelf,3,5999,0.3,12598,13800,-1202,N
ORD-2129,2025-02-21,2025-02-24,C204,Anjali Das,Home Office,East,Kolkata,Apparel,Topwear,P007,Hoodie,1,1799,0.0,1799,950,849,N
ORD-2130,2025-02-22,2025-02-23,C095,Pooja Kapoor,Consumer,West,Pune,Stationery,Desk,P032,Whiteboard,5,1299,0.0,6495,3900,2595,N
ORD-2131,2025-02-22,2025-02-24,C211,Rohan Kumar,Consumer,North,Delhi,Home,Bedding,P008,Cotton Bedsheet,1,1299,0.0,1299,700,599,N
ORD-2132,2025-02-22,2025-02-26,C211,Rohan Kumar,Consumer,North,Delhi,Furniture,Storage,P035,Bookshelf,2,5999,0.4,7199,9200,-2001,N
ORD-2133,2025-02-23,2025-02-26,C186,Ananya Shah,Corporate,North,Delhi,Furniture,Storage,P035,Bookshelf,3,5999,0.4,10798,13800,-3002,N
ORD-2134,2025-02-23,2025-02-28,C209,Aditya Malhotra,Consumer,East,Kolkata,Apparel,Topwear,P021,Formal Shirt,3,1499,0.4,2698,2250,448,N
ORD-2135,2025-02-23,2025-02-26,C085,Vivaan Jain,Home Office,South,Bengaluru,Beauty,Makeup,P027,Lip Balm Set,1,399,0.2,319,160,159,N
ORD-2136,2025-02-25,2025-02-27,C120,Anjali Patel,Consumer,North,Delhi,Home,Kitchen,P009,Coffee Maker,2,2999,0.2,4798,4000,798,N
ORD-2137,2025-02-25,2025-02-27,C149,Deepak Jain,Corporate,North,Delhi,Beauty,Fragrance,P012,Perfume,4,1599,0.15,5437,3000,2437,N
ORD-2138,2025-02-25,2025-03-03,C013,Suresh Malhotra,Consumer,South,Bengaluru,Home,Decor,P026,Wall Clock,2,1199,0.2,1918,1300,618,N
ORD-2139,2025-02-26,2025-03-05,C089,Divya Kumar,Consumer,South,Hyderabad,Home,Kitchen,P024,Air Fryer,1,5499,0.0,5499,3900,1599,N
ORD-2140,2025-02-26,2025-03-01,C054,Sneha Mehta,Consumer,West,Mumbai,Electronics,Wearables,P002,Smart Watch,1,5999,0.15,5099,4300,799,N
ORD-2141,2025-02-26,2025-02-27,C049,Mohit Nair,Consumer,South,Bengaluru,Stationery,Writing,P014,Gel Pens Pack,3,199,0.05,567,270,297,N
ORD-2142,2025-02-26,2025-03-02,C107,Kunal Reddy,Consumer,West,Ahmedabad,Home,Decor,P025,Cushion Cover Set,1,699,0.0,699,320,379,N
ORD-2143,2025-02-26,2025-02-27,C177,Mohit Iyer,Consumer,North,Delhi,Furniture,Storage,P037,Shoe Rack,4,2499,0.4,5998,6800,-802,N
ORD-2144,2025-02-27,2025-03-01,C080,Neha Saxena,Consumer,West,Mumbai,Furniture,Storage,P035,Bookshelf,2,5999,0.3,8399,9200,-801,N
ORD-2145,2025-02-27,2025-03-05,C036,Shreya Nair,Consumer,North,Delhi,Stationery,Desk,P032,Whiteboard,4,1299,0.1,4676,3120,1556,N
ORD-2146,2025-02-27,2025-03-01,C047,Arjun Kulkarni,Consumer,North,Delhi,Furniture,Storage,P037,Shoe Rack,1,2499,0.4,1499,1700,-201,N
ORD-2147,2025-02-27,2025-03-05,C018,Riya Pillai,Home Office,West,Mumbai,Electronics,Audio,P018,Noise-Cancelling Headphones,1,7999,0.1,7199,5600,1599,N
ORD-2148,2025-02-28,2025-03-07,C051,Suresh Bhatt,Consumer,West,Mumbai,Beauty,Makeup,P027,Lip Balm Set,2,399,0.0,798,320,478,N
ORD-2149,2025-02-28,2025-03-05,C054,Sneha Mehta,Consumer,West,Mumbai,Furniture,Storage,P037,Shoe Rack,3,2499,0.2,5998,5100,898,N
ORD-2150,2025-03-01,2025-03-03,C198,Aarav Bose,Corporate,South,Hyderabad,Apparel,Bottomwear,P023,Yoga Pants,2,1199,0.4,1439,1200,239,N
ORD-2151,2025-03-01,2025-03-04,C051,Suresh Bhatt,Consumer,West,Mumbai,Electronics,Wearables,P002,Smart Watch,1,5999,0.0,5999,4300,1699,N
ORD-2152,2025-03-02,2025-03-05,C153,Meera Malhotra,Consumer,North,Delhi,Beauty,Makeup,P027,Lip Balm Set,1,399,0.1,359,160,199,N
ORD-2153,2025-03-02,2025-03-07,C215,Naveen Rao,Corporate,South,Hyderabad,Home,Decor,P025,Cushion Cover Set,1,699,0.1,629,320,309,N
ORD-2154,2025-03-03,2025-03-06,C067,Kunal Singh,Corporate,East,Kolkata,Home,Kitchen,P009,Coffee Maker,3,2999,0.0,8997,6000,2997,N
ORD-2155,2025-03-03,2025-03-04,C216,Isha Reddy,Consumer,South,Hyderabad,Furniture,Storage,P035,Bookshelf,3,5999,0.4,10798,13800,-3002,N
ORD-2156,2025-03-04,2025-03-08,C031,Manoj Bose,Consumer,West,Ahmedabad,Stationery,Paper,P013,Notebook,1,149,0.0,149,70,79,N
ORD-2157,2025-03-05,2025-03-10,C068,Varun Nair,Corporate,West,Mumbai,Furniture,Tables,P034,Study Table,1,6499,0.2,5199,5000,199,N
ORD-2158,2025-03-05,2025-03-11,C199,Ramesh Gupta,Corporate,North,Delhi,Apparel,Topwear,P007,Hoodie,1,1799,0.4,1079,950,129,N
ORD-2159,2025-03-06,2025-03-11,C166,Suresh Nair,Home Office,North,Delhi,Furniture,Seating,P033,Office Chair,2,8999,0.0,17998,13600,4398,N
ORD-2160,2025-03-06,2025-03-12,C095,Pooja Kapoor,Consumer,West,Pune,Apparel,Footwear,P020,Running Shoes,1,3299,0.3,2309,1900,409,N
ORD-2161,2025-03-07,2025-03-08,C056,Harsh Bhatt,Consumer,North,Delhi,Furniture,Seating,P033,Office Chair,2,8999,0.3,12599,13600,-1001,N
ORD-2162,2025-03-07,2025-03-14,C001,Neha Verma,Consumer,South,Bengaluru,Home,Decor,P025,Cushion Cover Set,1,699,0.0,699,320,379,N
ORD-2163,2025-03-07,2025-03-09,C060,Divya Mehta,Consumer,South,Hyderabad,Apparel,Footwear,P020,Running Shoes,2,3299,0.5,3299,3800,-501,N
ORD-2164,2025-03-07,2025-03-09,C118,Rahul Kumar,Consumer,East,Kolkata,Electronics,Accessories,P016,Wireless Mouse,1,899,0.15,764,480,284,N
ORD-2165,2025-03-07,2025-03-09,C134,Pankaj Patel,Consumer,South,Chennai,Home,Decor,P025,Cushion Cover Set,1,699,0.0,699,320,379,N
ORD-2166,2025-03-07,2025-03-09,C049,Mohit Nair,Consumer,South,Bengaluru,Electronics,Accessories,P003,Power Bank,1,1499,0.15,1274,900,374,N
ORD-2167,2025-03-09,2025-03-11,C199,Ramesh Gupta,Corporate,North,Delhi,Stationery,Writing,P014,Gel Pens Pack,2,199,0.05,378,180,198,N
ORD-2168,2025-03-09,2025-03-13,C063,Tanvi Gupta,Home Office,West,Pune,Apparel,Bottomwear,P006,Denim Jeans,2,1999,0.2,3198,2100,1098,N
ORD-2169,2025-03-09,2025-03-11,C113,Sanjay Malhotra,Consumer,West,Pune,Beauty,Fragrance,P012,Perfume,3,1599,0.1,4317,2250,2067,N
ORD-2170,2025-03-09,2025-03-11,C043,Vivaan Das,Corporate,North,Delhi,Apparel,Bottomwear,P006,Denim Jeans,1,1999,0.4,1199,1050,149,N
ORD-2171,2025-03-09,2025-03-12,C068,Varun Nair,Corporate,West,Mumbai,Stationery,Desk,P030,Stapler Set,5,249,0.0,1245,600,645,N
ORD-2172,2025-03-09,2025-03-14,C154,Priya Menon,Corporate,South,Chennai,Beauty,Makeup,P027,Lip Balm Set,1,399,0.0,399,160,239,N
ORD-2173,2025-03-10,2025-03-15,C048,Riya Kumar,Corporate,South,Chennai,Apparel,Bottomwear,P006,Denim Jeans,3,1999,0.5,2998,3150,-152,N
ORD-2174,2025-03-10,2025-03-17,C004,Manoj Nair,Consumer,West,Pune,Furniture,Tables,P034,Study Table,4,6499,0.2,20797,20000,797,N
ORD-2175,2025-03-10,2025-03-11,C140,Pooja Desai,Consumer,West,Pune,Beauty,Makeup,P027,Lip Balm Set,5,399,0.0,1995,800,1195,N
ORD-2176,2025-03-10,2025-03-13,C030,Anjali Joshi,Corporate,South,Chennai,Beauty,Makeup,P027,Lip Balm Set,4,399,0.1,1436,640,796,N
ORD-2177,2025-03-10,2025-03-14,C212,Karan Das,Home Office,South,Hyderabad,Beauty,Skincare,P011,Face Serum,2,899,0.1,1618,760,858,N
ORD-2178,2025-03-12,2025-03-16,C068,Varun Nair,Corporate,West,Mumbai,Furniture,Tables,P038,Bedside Table,2,3499,0.2,5598,5000,598,N
ORD-2179,2025-03-12,2025-03-17,C116,Meera Joshi,Consumer,North,Delhi,Beauty,Skincare,P011,Face Serum,1,899,0.1,809,380,429,N
ORD-2180,2025-03-12,2025-03-14,C216,Isha Reddy,Consumer,South,Hyderabad,Beauty,Makeup,P027,Lip Balm Set,3,399,0.15,1017,480,537,N
ORD-2181,2025-03-12,2025-03-18,C004,Manoj Nair,Consumer,West,Pune,Stationery,Writing,P014,Gel Pens Pack,2,199,0.0,398,180,218,N
ORD-2182,2025-03-12,2025-03-13,C142,Meera Menon,Consumer,South,Chennai,Electronics,Audio,P004,Bluetooth Speaker,1,3299,0.2,2639,2100,539,N
ORD-2183,2025-03-13,2025-03-16,C218,Rajat Mehta,Consumer,West,Pune,Home,Kitchen,P024,Air Fryer,1,5499,0.05,5224,3900,1324,N
ORD-2184,2025-03-13,2025-03-18,C130,Rajat Gupta,Consumer,South,Chennai,Stationery,Writing,P014,Gel Pens Pack,1,199,0.0,199,90,109,N
ORD-2185,2025-03-13,2025-03-16,C197,Meera Nair,Corporate,East,Kolkata,Beauty,Haircare,P028,Shampoo and Conditioner,1,749,0.2,599,350,249,N
ORD-2186,2025-03-14,2025-03-21,C053,Gaurav Gupta,Consumer,South,Chennai,Electronics,Accessories,P019,Webcam HD,2,2199,0.0,4398,2800,1598,N
ORD-2187,2025-03-15,2025-03-22,C018,Riya Pillai,Home Office,West,Mumbai,Beauty,Fragrance,P012,Perfume,1,1599,0.1,1439,750,689,N
ORD-2188,2025-03-16,2025-03-19,C025,Zoya Kulkarni,Corporate,West,Mumbai,Electronics,Audio,P018,Noise-Cancelling Headphones,1,7999,0.0,7999,5600,2399,N
ORD-2189,2025-03-16,2025-03-19,C079,Sahil Saxena,Corporate,North,Delhi,Home,Bedding,P008,Cotton Bedsheet,1,1299,0.2,1039,700,339,N
ORD-2190,2025-03-16,2025-03-21,C014,Rahul Jain,Consumer,South,Bengaluru,Beauty,Haircare,P028,Shampoo and Conditioner,2,749,0.15,1273,700,573,N
ORD-2191,2025-03-16,2025-03-17,C014,Rahul Jain,Consumer,South,Bengaluru,Stationery,Writing,P014,Gel Pens Pack,1,199,0.05,189,90,99,N
ORD-2192,2025-03-17,2025-03-20,C212,Karan Das,Home Office,South,Hyderabad,Beauty,Haircare,P028,Shampoo and Conditioner,4,749,0.2,2397,1400,997,N
ORD-2193,2025-03-17,2025-03-24,C157,Aarav Bhatt,Corporate,South,Bengaluru,Stationery,Writing,P014,Gel Pens Pack,2,199,0.0,398,180,218,N
ORD-2194,2025-03-17,2025-03-18,C141,Sanjay Shah,Corporate,North,Delhi,Stationery,Desk,P015,Desk Organizer,3,499,0.0,1497,780,717,N
ORD-2195,2025-03-17,2025-03-24,C089,Divya Kumar,Consumer,South,Hyderabad,Apparel,Footwear,P020,Running Shoes,1,3299,0.4,1979,1900,79,N
ORD-2196,2025-03-18,2025-03-25,C013,Suresh Malhotra,Consumer,South,Bengaluru,Beauty,Makeup,P027,Lip Balm Set,3,399,0.15,1017,480,537,Y
ORD-2197,2025-03-18,2025-03-21,C162,Sahil Singh,Consumer,West,Mumbai,Home,Kitchen,P009,Coffee Maker,1,2999,0.3,2099,2000,99,N
ORD-2198,2025-03-18,2025-03-24,C167,Sneha Pillai,Corporate,West,Mumbai,Furniture,Tables,P034,Study Table,2,6499,0.2,10398,10000,398,N
ORD-2199,2025-03-19,2025-03-24,C131,Isha Joshi,Consumer,West,Mumbai,Beauty,Skincare,P029,Sunscreen SPF 50,1,599,0.3,419,270,149,N
ORD-2200,2025-03-20,2025-03-24,C018,Riya Pillai,Home Office,West,Mumbai,Home,Bedding,P008,Cotton Bedsheet,4,1299,0.05,4936,2800,2136,N
ORD-2201,2025-03-21,2025-03-22,C163,Kavya Das,Corporate,West,Pune,Electronics,Accessories,P003,Power Bank,1,1499,0.0,1499,900,599,N
ORD-2202,2025-03-21,2025-03-28,C155,Deepak Patel,Consumer,North,Delhi,Furniture,Tables,P038,Bedside Table,1,3499,0.1,3149,2500,649,N
ORD-2203,2025-03-21,2025-03-23,C004,Manoj Nair,Consumer,West,Pune,Furniture,Tables,P038,Bedside Table,2,3499,0.1,6298,5000,1298,N
ORD-2204,2025-03-22,2025-03-25,C168,Divya Kapoor,Consumer,North,Delhi,Furniture,Tables,P034,Study Table,2,6499,0.2,10398,10000,398,N
ORD-2205,2025-03-22,2025-03-24,C117,Yash Shah,Corporate,South,Hyderabad,Electronics,Audio,P018,Noise-Cancelling Headphones,3,7999,0.0,23997,16800,7197,N
ORD-2206,2025-03-22,2025-03-24,C079,Sahil Saxena,Corporate,North,Delhi,Beauty,Skincare,P029,Sunscreen SPF 50,1,599,0.1,539,270,269,N
ORD-2207,2025-03-22,2025-03-28,C174,Deepak Kumar,Corporate,West,Ahmedabad,Beauty,Haircare,P028,Shampoo and Conditioner,3,749,0.2,1798,1050,748,N
ORD-2208,2025-03-22,2025-03-26,C090,Varun Malhotra,Corporate,South,Bengaluru,Stationery,Desk,P030,Stapler Set,10,249,0.05,2366,1200,1166,N
ORD-2209,2025-03-22,2025-03-24,C036,Shreya Nair,Consumer,North,Delhi,Furniture,Storage,P035,Bookshelf,1,5999,0.3,4199,4600,-401,N
ORD-2210,2025-03-23,2025-03-26,C054,Sneha Mehta,Consumer,West,Mumbai,Home,Bedding,P008,Cotton Bedsheet,3,1299,0.0,3897,2100,1797,N
ORD-2211,2025-03-24,2025-03-30,C059,Vikram Verma,Consumer,South,Chennai,Stationery,Paper,P013,Notebook,3,149,0.05,425,210,215,N
ORD-2212,2025-03-24,2025-03-29,C071,Priya Shah,Consumer,South,Bengaluru,Beauty,Skincare,P029,Sunscreen SPF 50,1,599,0.3,419,270,149,N
ORD-2213,2025-03-25,2025-03-27,C035,Nikhil Shah,Home Office,North,Delhi,Apparel,Outerwear,P022,Winter Jacket,2,3999,0.3,5599,4800,799,N
ORD-2214,2025-03-26,2025-03-28,C124,Neha Joshi,Consumer,East,Kolkata,Electronics,Accessories,P017,Mechanical Keyboard,1,3499,0.15,2974,2200,774,N
ORD-2215,2025-03-27,2025-03-31,C106,Vivaan Kumar,Consumer,West,Pune,Apparel,Outerwear,P022,Winter Jacket,1,3999,0.3,2799,2400,399,N
ORD-2216,2025-03-27,2025-04-03,C053,Gaurav Gupta,Consumer,South,Chennai,Furniture,Storage,P035,Bookshelf,2,5999,0.4,7199,9200,-2001,N
ORD-2217,2025-03-29,2025-04-03,C194,Harsh Singh,Home Office,North,Delhi,Furniture,Tables,P034,Study Table,2,6499,0.2,10398,10000,398,N
ORD-2218,2025-03-29,2025-03-30,C104,Isha Gupta,Consumer,West,Mumbai,Apparel,Topwear,P007,Hoodie,5,1799,0.1,8096,4750,3346,N
ORD-2219,2025-03-29,2025-03-31,C142,Meera Menon,Consumer,South,Chennai,Furniture,Tables,P038,Bedside Table,2,3499,0.1,6298,5000,1298,N
ORD-2220,2025-03-30,2025-04-03,C166,Suresh Nair,Home Office,North,Delhi,Apparel,Bottomwear,P006,Denim Jeans,3,1999,0.1,5397,3150,2247,N
ORD-2221,2025-03-30,2025-04-04,C078,Isha Mehta,Consumer,North,Delhi,Electronics,Wearables,P002,Smart Watch,1,5999,0.15,5099,4300,799,N
ORD-2222,2025-03-30,2025-04-06,C051,Suresh Bhatt,Consumer,West,Mumbai,Stationery,Writing,P014,Gel Pens Pack,5,199,0.05,945,450,495,N
ORD-2223,2025-03-30,2025-04-05,C064,Amit Singh,Corporate,West,Pune,Stationery,Desk,P030,Stapler Set,3,249,0.0,747,360,387,N
ORD-2224,2025-03-31,2025-04-01,C057,Nikhil Rao,Corporate,West,Mumbai,Furniture,Tables,P034,Study Table,2,6499,0.2,10398,10000,398,N
ORD-2225,2025-03-31,2025-04-06,C174,Deepak Kumar,Corporate,West,Ahmedabad,Apparel,Footwear,P020,Running Shoes,1,3299,0.3,2309,1900,409,N
ORD-2226,2025-03-31,2025-04-02,C059,Vikram Verma,Consumer,South,Chennai,Stationery,Paper,P013,Notebook,1,149,0.05,142,70,72,Y
ORD-2227,2025-04-01,2025-04-07,C196,Zoya Joshi,Consumer,South,Bengaluru,Furniture,Tables,P038,Bedside Table,1,3499,0.2,2799,2500,299,N
ORD-2228,2025-04-02,2025-04-03,C199,Ramesh Gupta,Corporate,North,Delhi,Apparel,Footwear,P020,Running Shoes,4,3299,0.5,6598,7600,-1002,N
ORD-2229,2025-04-02,2025-04-07,C075,Vikram Joshi,Consumer,West,Mumbai,Electronics,Wearables,P002,Smart Watch,1,5999,0.15,5099,4300,799,N
ORD-2230,2025-04-03,2025-04-04,C197,Meera Nair,Corporate,East,Kolkata,Stationery,Desk,P032,Whiteboard,6,1299,0.1,7015,4680,2335,N
ORD-2231,2025-04-03,2025-04-08,C028,Deepak Kulkarni,Consumer,West,Mumbai,Electronics,Audio,P018,Noise-Cancelling Headphones,2,7999,0.0,15998,11200,4798,N
ORD-2232,2025-04-03,2025-04-06,C081,Arjun Iyer,Consumer,South,Bengaluru,Beauty,Fragrance,P012,Perfume,1,1599,0.15,1359,750,609,N
ORD-2233,2025-04-03,2025-04-04,C059,Vikram Verma,Consumer,South,Chennai,Stationery,Paper,P013,Notebook,4,149,0.0,596,280,316,N
ORD-2234,2025-04-04,2025-04-11,C159,Pooja Kumar,Consumer,South,Hyderabad,Stationery,Paper,P013,Notebook,1,149,0.0,149,70,79,N
ORD-2235,2025-04-04,2025-04-10,C095,Pooja Kapoor,Consumer,West,Pune,Home,Decor,P010,Table Lamp,3,999,0.1,2697,1560,1137,N
ORD-2236,2025-04-05,2025-04-08,C077,Yash Das,Consumer,West,Pune,Stationery,Paper,P013,Notebook,3,149,0.05,425,210,215,N
ORD-2237,2025-04-05,2025-04-12,C061,Sahil Patel,Consumer,South,Chennai,Furniture,Tables,P038,Bedside Table,2,3499,0.3,4899,5000,-101,N
ORD-2238,2025-04-05,2025-04-08,C079,Sahil Saxena,Corporate,North,Delhi,Beauty,Makeup,P027,Lip Balm Set,1,399,0.0,399,160,239,Y
ORD-2239,2025-04-05,2025-04-09,C009,Divya Sharma,Consumer,South,Chennai,Home,Decor,P010,Table Lamp,1,999,0.1,899,520,379,N
ORD-2240,2025-04-05,2025-04-06,C027,Tanvi Kapoor,Consumer,West,Mumbai,Electronics,Audio,P018,Noise-Cancelling Headphones,1,7999,0.05,7599,5600,1999,N
ORD-2241,2025-04-06,2025-04-11,C200,Aditya Joshi,Consumer,North,Delhi,Home,Kitchen,P024,Air Fryer,2,5499,0.05,10448,7800,2648,N
ORD-2242,2025-04-06,2025-04-11,C166,Suresh Nair,Home Office,North,Delhi,Furniture,Tables,P038,Bedside Table,2,3499,0.2,5598,5000,598,N
ORD-2243,2025-04-06,2025-04-10,C186,Ananya Shah,Corporate,North,Delhi,Stationery,Desk,P015,Desk Organizer,10,499,0.1,4491,2600,1891,N
ORD-2244,2025-04-07,2025-04-10,C097,Aarav Shah,Consumer,North,Delhi,Beauty,Fragrance,P012,Perfume,1,1599,0.2,1279,750,529,N
ORD-2245,2025-04-07,2025-04-14,C212,Karan Das,Home Office,South,Hyderabad,Stationery,Paper,P013,Notebook,1,149,0.05,142,70,72,N
ORD-2246,2025-04-08,2025-04-15,C209,Aditya Malhotra,Consumer,East,Kolkata,Home,Kitchen,P009,Coffee Maker,4,2999,0.05,11396,8000,3396,N
ORD-2247,2025-04-10,2025-04-15,C095,Pooja Kapoor,Consumer,West,Pune,Apparel,Footwear,P020,Running Shoes,2,3299,0.3,4619,3800,819,N
ORD-2248,2025-04-10,2025-04-11,C071,Priya Shah,Consumer,South,Bengaluru,Beauty,Skincare,P029,Sunscreen SPF 50,1,599,0.15,509,270,239,N
ORD-2249,2025-04-11,2025-04-12,C157,Aarav Bhatt,Corporate,South,Bengaluru,Beauty,Makeup,P027,Lip Balm Set,1,399,0.0,399,160,239,N
ORD-2250,2025-04-11,2025-04-15,C041,Naveen Kumar,Corporate,West,Mumbai,Furniture,Storage,P037,Shoe Rack,1,2499,0.1,2249,1700,549,N
ORD-2251,2025-04-11,2025-04-14,C060,Divya Mehta,Consumer,South,Hyderabad,Home,Kitchen,P009,Coffee Maker,4,2999,0.0,11996,8000,3996,N
ORD-2252,2025-04-11,2025-04-18,C142,Meera Menon,Consumer,South,Chennai,Furniture,Seating,P033,Office Chair,1,8999,0.2,7199,6800,399,N
ORD-2253,2025-04-11,2025-04-12,C194,Harsh Singh,Home Office,North,Delhi,Home,Decor,P026,Wall Clock,1,1199,0.2,959,650,309,N
ORD-2254,2025-04-12,2025-04-16,C071,Priya Shah,Consumer,South,Bengaluru,Home,Decor,P025,Cushion Cover Set,3,699,0.05,1992,960,1032,N
ORD-2255,2025-04-12,2025-04-14,C154,Priya Menon,Corporate,South,Chennai,Stationery,Paper,P013,Notebook,6,149,0.1,805,420,385,N
ORD-2256,2025-04-12,2025-04-17,C146,Ramesh Kapoor,Consumer,West,Pune,Beauty,Haircare,P028,Shampoo and Conditioner,3,749,0.2,1798,1050,748,N
ORD-2257,2025-04-13,2025-04-19,C145,Kunal Rao,Corporate,West,Pune,Home,Kitchen,P024,Air Fryer,5,5499,0.0,27495,19500,7995,N
ORD-2258,2025-04-13,2025-04-19,C142,Meera Menon,Consumer,South,Chennai,Electronics,Accessories,P019,Webcam HD,2,2199,0.0,4398,2800,1598,N
ORD-2259,2025-04-13,2025-04-17,C069,Vivaan Menon,Corporate,South,Chennai,Home,Decor,P026,Wall Clock,1,1199,0.0,1199,650,549,N
ORD-2260,2025-04-13,2025-04-14,C203,Zoya Rao,Consumer,South,Hyderabad,Beauty,Fragrance,P012,Perfume,2,1599,0.15,2718,1500,1218,N
ORD-2261,2025-04-14,2025-04-18,C166,Suresh Nair,Home Office,North,Delhi,Furniture,Seating,P033,Office Chair,5,8999,0.0,44995,34000,10995,N
ORD-2262,2025-04-14,2025-04-19,C163,Kavya Das,Corporate,West,Pune,Home,Decor,P010,Table Lamp,1,999,0.05,949,520,429,N
ORD-2263,2025-04-14,2025-04-21,C013,Suresh Malhotra,Consumer,South,Bengaluru,Home,Kitchen,P009,Coffee Maker,1,2999,0.2,2399,2000,399,N
ORD-2264,2025-04-14,2025-04-17,C194,Harsh Singh,Home Office,North,Delhi,Beauty,Haircare,P028,Shampoo and Conditioner,1,749,0.2,599,350,249,N
ORD-2265,2025-04-14,2025-04-20,C139,Ramesh Nair,Consumer,West,Pune,Furniture,Storage,P035,Bookshelf,2,5999,0.4,7199,9200,-2001,N
ORD-2266,2025-04-15,2025-04-20,C052,Kunal Shah,Corporate,South,Chennai,Home,Decor,P025,Cushion Cover Set,2,699,0.0,1398,640,758,N
ORD-2267,2025-04-15,2025-04-18,C175,Divya Menon,Consumer,West,Mumbai,Home,Decor,P010,Table Lamp,1,999,0.0,999,520,479,N
ORD-2268,2025-04-16,2025-04-20,C158,Ramesh Sharma,Consumer,South,Bengaluru,Home,Decor,P025,Cushion Cover Set,1,699,0.2,559,320,239,N
ORD-2269,2025-04-17,2025-04-19,C085,Vivaan Jain,Home Office,South,Bengaluru,Home,Bedding,P008,Cotton Bedsheet,1,1299,0.05,1234,700,534,N
ORD-2270,2025-04-17,2025-04-20,C147,Meera Verma,Corporate,West,Mumbai,Electronics,Audio,P004,Bluetooth Speaker,2,3299,0.0,6598,4200,2398,N
ORD-2271,2025-04-17,2025-04-23,C083,Sneha Rao,Consumer,North,Delhi,Beauty,Skincare,P029,Sunscreen SPF 50,1,599,0.0,599,270,329,N
ORD-2272,2025-04-17,2025-04-22,C056,Harsh Bhatt,Consumer,North,Delhi,Furniture,Storage,P035,Bookshelf,3,5999,0.4,10798,13800,-3002,N
ORD-2273,2025-04-18,2025-04-23,C169,Priya Bose,Home Office,West,Mumbai,Electronics,Audio,P018,Noise-Cancelling Headphones,1,7999,0.0,7999,5600,2399,N
ORD-2274,2025-04-19,2025-04-26,C200,Aditya Joshi,Consumer,North,Delhi,Home,Kitchen,P024,Air Fryer,2,5499,0.0,10998,7800,3198,N
ORD-2275,2025-04-20,2025-04-26,C175,Divya Menon,Consumer,West,Mumbai,Beauty,Skincare,P029,Sunscreen SPF 50,2,599,0.0,1198,540,658,N
ORD-2276,2025-04-21,2025-04-24,C074,Deepak Sharma,Consumer,West,Ahmedabad,Apparel,Footwear,P020,Running Shoes,3,3299,0.3,6928,5700,1228,N
ORD-2277,2025-04-21,2025-04-24,C129,Mohit Kumar,Consumer,West,Mumbai,Home,Kitchen,P009,Coffee Maker,1,2999,0.1,2699,2000,699,N
ORD-2278,2025-04-22,2025-04-27,C035,Nikhil Shah,Home Office,North,Delhi,Apparel,Bottomwear,P006,Denim Jeans,1,1999,0.1,1799,1050,749,N
ORD-2279,2025-04-22,2025-04-29,C167,Sneha Pillai,Corporate,West,Mumbai,Electronics,Audio,P018,Noise-Cancelling Headphones,1,7999,0.05,7599,5600,1999,N
ORD-2280,2025-04-22,2025-04-28,C178,Gaurav Pillai,Home Office,South,Bengaluru,Electronics,Audio,P018,Noise-Cancelling Headphones,1,7999,0.0,7999,5600,2399,N
ORD-2281,2025-04-22,2025-04-26,C134,Pankaj Patel,Consumer,South,Chennai,Furniture,Storage,P035,Bookshelf,2,5999,0.1,10798,9200,1598,N
ORD-2282,2025-04-23,2025-04-30,C216,Isha Reddy,Consumer,South,Hyderabad,Electronics,Audio,P018,Noise-Cancelling Headphones,3,7999,0.0,23997,16800,7197,Y
ORD-2283,2025-04-24,2025-04-29,C077,Yash Das,Consumer,West,Pune,Stationery,Paper,P013,Notebook,10,149,0.05,1416,700,716,N
ORD-2284,2025-04-24,2025-04-29,C153,Meera Malhotra,Consumer,North,Delhi,Furniture,Tables,P038,Bedside Table,5,3499,0.3,12246,12500,-254,N
ORD-2285,2025-04-24,2025-04-25,C132,Meera Saxena,Corporate,North,Delhi,Stationery,Writing,P014,Gel Pens Pack,1,199,0.0,199,90,109,N
ORD-2286,2025-04-24,2025-04-28,C098,Kavya Bhatt,Home Office,North,Delhi,Apparel,Outerwear,P022,Winter Jacket,1,3999,0.1,3599,2400,1199,N
ORD-2287,2025-04-25,2025-04-29,C153,Meera Malhotra,Consumer,North,Delhi,Furniture,Tables,P038,Bedside Table,2,3499,0.0,6998,5000,1998,N
ORD-2288,2025-04-26,2025-04-28,C109,Aarav Kulkarni,Home Office,South,Bengaluru,Beauty,Makeup,P027,Lip Balm Set,2,399,0.3,559,320,239,N
ORD-2289,2025-04-26,2025-04-29,C145,Kunal Rao,Corporate,West,Pune,Home,Decor,P025,Cushion Cover Set,2,699,0.2,1118,640,478,N
ORD-2290,2025-04-27,2025-05-04,C005,Kavya Kulkarni,Consumer,South,Bengaluru,Stationery,Desk,P032,Whiteboard,2,1299,0.0,2598,1560,1038,N
ORD-2291,2025-04-27,2025-04-30,C212,Karan Das,Home Office,South,Hyderabad,Furniture,Storage,P035,Bookshelf,2,5999,0.4,7199,9200,-2001,N
ORD-2292,2025-04-28,2025-05-02,C025,Zoya Kulkarni,Corporate,West,Mumbai,Electronics,Audio,P018,Noise-Cancelling Headphones,1,7999,0.1,7199,5600,1599,N
ORD-2293,2025-04-28,2025-05-05,C178,Gaurav Pillai,Home Office,South,Bengaluru,Apparel,Footwear,P020,Running Shoes,3,3299,0.5,4948,5700,-752,N
ORD-2294,2025-04-28,2025-05-04,C139,Ramesh Nair,Consumer,West,Pune,Home,Bedding,P008,Cotton Bedsheet,1,1299,0.3,909,700,209,N
ORD-2295,2025-04-28,2025-05-05,C026,Ramesh Bose,Consumer,West,Mumbai,Electronics,Audio,P018,Noise-Cancelling Headphones,4,7999,0.15,27197,22400,4797,Y
ORD-2296,2025-04-29,2025-04-30,C141,Sanjay Shah,Corporate,North,Delhi,Beauty,Haircare,P028,Shampoo and Conditioner,1,749,0.15,637,350,287,N
ORD-2297,2025-04-29,2025-05-01,C018,Riya Pillai,Home Office,West,Mumbai,Home,Decor,P010,Table Lamp,1,999,0.1,899,520,379,N
ORD-2298,2025-04-29,2025-05-01,C122,Anjali Malhotra,Corporate,West,Ahmedabad,Furniture,Storage,P035,Bookshelf,1,5999,0.2,4799,4600,199,N
ORD-2299,2025-04-29,2025-05-06,C047,Arjun Kulkarni,Consumer,North,Delhi,Electronics,Audio,P018,Noise-Cancelling Headphones,1,7999,0.2,6399,5600,799,N
ORD-2300,2025-04-29,2025-05-01,C185,Rohan Desai,Consumer,South,Hyderabad,Furniture,Tables,P038,Bedside Table,1,3499,0.4,2099,2500,-401,N
ORD-2301,2025-04-30,2025-05-06,C169,Priya Bose,Home Office,West,Mumbai,Electronics,Accessories,P016,Wireless Mouse,1,899,0.05,854,480,374,N
ORD-2302,2025-04-30,2025-05-04,C060,Divya Mehta,Consumer,South,Hyderabad,Home,Kitchen,P009,Coffee Maker,1,2999,0.2,2399,2000,399,N
ORD-2303,2025-04-30,2025-05-04,C078,Isha Mehta,Consumer,North,Delhi,Home,Decor,P025,Cushion Cover Set,3,699,0.2,1678,960,718,N
ORD-2304,2025-04-30,2025-05-05,C114,Mohit Malhotra,Corporate,South,Bengaluru,Beauty,Skincare,P011,Face Serum,4,899,0.15,3057,1520,1537,N
ORD-2305,2025-04-30,2025-05-05,C012,Suresh Desai,Home Office,South,Bengaluru,Electronics,Audio,P018,Noise-Cancelling Headphones,1,7999,0.1,7199,5600,1599,N
ORD-2306,2025-05-01,2025-05-03,C215,Naveen Rao,Corporate,South,Hyderabad,Beauty,Makeup,P027,Lip Balm Set,2,399,0.2,638,320,318,N
ORD-2307,2025-05-01,2025-05-04,C092,Riya Das,Consumer,South,Chennai,Apparel,Bottomwear,P006,Denim Jeans,1,1999,0.4,1199,1050,149,N
ORD-2308,2025-05-01,2025-05-03,C194,Harsh Singh,Home Office,North,Delhi,Beauty,Makeup,P027,Lip Balm Set,3,399,0.1,1077,480,597,N
ORD-2309,2025-05-02,2025-05-03,C063,Tanvi Gupta,Home Office,West,Pune,Home,Decor,P025,Cushion Cover Set,1,699,0.1,629,320,309,N
ORD-2310,2025-05-02,2025-05-07,C169,Priya Bose,Home Office,West,Mumbai,Apparel,Footwear,P020,Running Shoes,3,3299,0.0,9897,5700,4197,N
ORD-2311,2025-05-02,2025-05-04,C157,Aarav Bhatt,Corporate,South,Bengaluru,Beauty,Makeup,P027,Lip Balm Set,2,399,0.0,798,320,478,N
ORD-2312,2025-05-03,2025-05-06,C073,Nikhil Nair,Corporate,West,Mumbai,Furniture,Storage,P035,Bookshelf,5,5999,0.4,17997,23000,-5003,N
ORD-2313,2025-05-03,2025-05-08,C205,Rajat Kulkarni,Consumer,West,Mumbai,Home,Decor,P026,Wall Clock,2,1199,0.05,2278,1300,978,N
ORD-2314,2025-05-03,2025-05-06,C147,Meera Verma,Corporate,West,Mumbai,Home,Kitchen,P009,Coffee Maker,3,2999,0.3,6298,6000,298,N
ORD-2315,2025-05-04,2025-05-05,C207,Shreya Sharma,Consumer,West,Mumbai,Beauty,Haircare,P028,Shampoo and Conditioner,1,749,0.1,674,350,324,N
ORD-2316,2025-05-04,2025-05-06,C153,Meera Malhotra,Consumer,North,Delhi,Furniture,Storage,P035,Bookshelf,1,5999,0.2,4799,4600,199,N
ORD-2317,2025-05-04,2025-05-05,C070,Manoj Kumar,Consumer,North,Delhi,Stationery,Desk,P015,Desk Organizer,8,499,0.0,3992,2080,1912,N
ORD-2318,2025-05-04,2025-05-09,C004,Manoj Nair,Consumer,West,Pune,Home,Decor,P010,Table Lamp,1,999,0.1,899,520,379,N
ORD-2319,2025-05-04,2025-05-09,C085,Vivaan Jain,Home Office,South,Bengaluru,Electronics,Accessories,P017,Mechanical Keyboard,4,3499,0.2,11197,8800,2397,N
ORD-2320,2025-05-05,2025-05-11,C085,Vivaan Jain,Home Office,South,Bengaluru,Apparel,Footwear,P020,Running Shoes,2,3299,0.4,3959,3800,159,N
ORD-2321,2025-05-06,2025-05-09,C060,Divya Mehta,Consumer,South,Hyderabad,Furniture,Storage,P037,Shoe Rack,2,2499,0.1,4498,3400,1098,Y
ORD-2322,2025-05-07,2025-05-14,C178,Gaurav Pillai,Home Office,South,Bengaluru,Apparel,Footwear,P020,Running Shoes,1,3299,0.0,3299,1900,1399,N
ORD-2323,2025-05-07,2025-05-09,C108,Manoj Gupta,Home Office,North,Delhi,Apparel,Footwear,P020,Running Shoes,1,3299,0.2,2639,1900,739,N
ORD-2324,2025-05-07,2025-05-11,C081,Arjun Iyer,Consumer,South,Bengaluru,Beauty,Skincare,P011,Face Serum,1,899,0.15,764,380,384,N
ORD-2325,2025-05-07,2025-05-11,C129,Mohit Kumar,Consumer,West,Mumbai,Apparel,Bottomwear,P023,Yoga Pants,1,1199,0.3,839,600,239,N
ORD-2326,2025-05-07,2025-05-13,C109,Aarav Kulkarni,Home Office,South,Bengaluru,Beauty,Haircare,P028,Shampoo and Conditioner,1,749,0.0,749,350,399,N
ORD-2327,2025-05-08,2025-05-14,C082,Rohan Nair,Consumer,West,Mumbai,Electronics,Audio,P018,Noise-Cancelling Headphones,1,7999,0.15,6799,5600,1199,N
ORD-2328,2025-05-08,2025-05-11,C200,Aditya Joshi,Consumer,North,Delhi,Furniture,Storage,P035,Bookshelf,1,5999,0.2,4799,4600,199,N
ORD-2329,2025-05-09,2025-05-12,C020,Rahul Pillai,Corporate,West,Mumbai,Apparel,Topwear,P007,Hoodie,3,1799,0.2,4318,2850,1468,N
ORD-2330,2025-05-10,2025-05-14,C180,Divya Verma,Corporate,North,Delhi,Home,Kitchen,P024,Air Fryer,1,5499,0.05,5224,3900,1324,N
ORD-2331,2025-05-10,2025-05-12,C105,Kavya Singh,Consumer,West,Ahmedabad,Home,Decor,P010,Table Lamp,5,999,0.0,4995,2600,2395,N
ORD-2332,2025-05-11,2025-05-15,C194,Harsh Singh,Home Office,North,Delhi,Furniture,Tables,P034,Study Table,3,6499,0.4,11698,15000,-3302,N
ORD-2333,2025-05-11,2025-05-12,C043,Vivaan Das,Corporate,North,Delhi,Home,Kitchen,P009,Coffee Maker,3,2999,0.0,8997,6000,2997,N
ORD-2334,2025-05-11,2025-05-16,C126,Sahil Menon,Home Office,West,Mumbai,Furniture,Storage,P037,Shoe Rack,2,2499,0.3,3499,3400,99,N
ORD-2335,2025-05-11,2025-05-15,C201,Sneha Malhotra,Consumer,West,Mumbai,Home,Decor,P010,Table Lamp,1,999,0.0,999,520,479,N
ORD-2336,2025-05-12,2025-05-16,C085,Vivaan Jain,Home Office,South,Bengaluru,Apparel,Bottomwear,P006,Denim Jeans,2,1999,0.1,3598,2100,1498,N
ORD-2337,2025-05-12,2025-05-16,C051,Suresh Bhatt,Consumer,West,Mumbai,Beauty,Skincare,P011,Face Serum,2,899,0.2,1438,760,678,N
ORD-2338,2025-05-12,2025-05-13,C180,Divya Verma,Corporate,North,Delhi,Beauty,Skincare,P029,Sunscreen SPF 50,1,599,0.3,419,270,149,N
ORD-2339,2025-05-12,2025-05-17,C110,Kavya Shah,Consumer,South,Chennai,Furniture,Tables,P038,Bedside Table,2,3499,0.1,6298,5000,1298,N
ORD-2340,2025-05-13,2025-05-17,C099,Ananya Bhatt,Consumer,South,Chennai,Electronics,Wearables,P002,Smart Watch,2,5999,0.05,11398,8600,2798,Y
ORD-2341,2025-05-13,2025-05-15,C180,Divya Verma,Corporate,North,Delhi,Furniture,Seating,P033,Office Chair,1,8999,0.2,7199,6800,399,N
ORD-2342,2025-05-13,2025-05-20,C085,Vivaan Jain,Home Office,South,Bengaluru,Furniture,Tables,P038,Bedside Table,1,3499,0.1,3149,2500,649,N
ORD-2343,2025-05-13,2025-05-18,C131,Isha Joshi,Consumer,West,Mumbai,Furniture,Storage,P035,Bookshelf,1,5999,0.4,3599,4600,-1001,N
ORD-2344,2025-05-13,2025-05-16,C090,Varun Malhotra,Corporate,South,Bengaluru,Apparel,Topwear,P007,Hoodie,1,1799,0.2,1439,950,489,N
ORD-2345,2025-05-13,2025-05-17,C095,Pooja Kapoor,Consumer,West,Pune,Electronics,Audio,P004,Bluetooth Speaker,4,3299,0.0,13196,8400,4796,N
ORD-2346,2025-05-14,2025-05-16,C007,Kavya Patel,Consumer,West,Pune,Home,Decor,P026,Wall Clock,2,1199,0.05,2278,1300,978,N
ORD-2347,2025-05-15,2025-05-21,C197,Meera Nair,Corporate,East,Kolkata,Stationery,Paper,P013,Notebook,6,149,0.0,894,420,474,N
ORD-2348,2025-05-15,2025-05-17,C024,Rajat Bhatt,Consumer,South,Chennai,Furniture,Tables,P038,Bedside Table,4,3499,0.4,8398,10000,-1602,N
ORD-2349,2025-05-15,2025-05-22,C045,Vivaan Bose,Consumer,South,Bengaluru,Apparel,Footwear,P020,Running Shoes,1,3299,0.2,2639,1900,739,N
ORD-2350,2025-05-15,2025-05-18,C160,Sahil Das,Consumer,South,Chennai,Apparel,Footwear,P020,Running Shoes,1,3299,0.1,2969,1900,1069,N
ORD-2351,2025-05-16,2025-05-18,C145,Kunal Rao,Corporate,West,Pune,Home,Kitchen,P009,Coffee Maker,1,2999,0.3,2099,2000,99,N
ORD-2352,2025-05-17,2025-05-19,C024,Rajat Bhatt,Consumer,South,Chennai,Furniture,Storage,P037,Shoe Rack,3,2499,0.3,5248,5100,148,N
ORD-2353,2025-05-17,2025-05-19,C096,Karan Desai,Consumer,South,Chennai,Apparel,Footwear,P020,Running Shoes,1,3299,0.1,2969,1900,1069,N
ORD-2354,2025-05-18,2025-05-19,C183,Amit Chopra,Consumer,West,Mumbai,Electronics,Audio,P018,Noise-Cancelling Headphones,3,7999,0.1,21597,16800,4797,N
ORD-2355,2025-05-18,2025-05-19,C064,Amit Singh,Corporate,West,Pune,Furniture,Tables,P034,Study Table,1,6499,0.2,5199,5000,199,N
ORD-2356,2025-05-18,2025-05-22,C102,Kunal Gupta,Consumer,West,Mumbai,Home,Bedding,P008,Cotton Bedsheet,5,1299,0.0,6495,3500,2995,N
ORD-2357,2025-05-18,2025-05-24,C006,Kunal Bose,Consumer,East,Kolkata,Apparel,Topwear,P007,Hoodie,1,1799,0.4,1079,950,129,N
ORD-2358,2025-05-19,2025-05-23,C197,Meera Nair,Corporate,East,Kolkata,Apparel,Topwear,P005,Cotton T-Shirt,1,799,0.3,559,380,179,Y
ORD-2359,2025-05-19,2025-05-20,C166,Suresh Nair,Home Office,North,Delhi,Home,Decor,P025,Cushion Cover Set,1,699,0.1,629,320,309,N
ORD-2360,2025-05-19,2025-05-21,C185,Rohan Desai,Consumer,South,Hyderabad,Furniture,Tables,P034,Study Table,2,6499,0.2,10398,10000,398,N
ORD-2361,2025-05-19,2025-05-23,C084,Meera Chopra,Corporate,East,Kolkata,Furniture,Seating,P033,Office Chair,2,8999,0.2,14398,13600,798,N
ORD-2362,2025-05-19,2025-05-26,C090,Varun Malhotra,Corporate,South,Bengaluru,Beauty,Skincare,P011,Face Serum,5,899,0.3,3146,1900,1246,N
ORD-2363,2025-05-20,2025-05-23,C124,Neha Joshi,Consumer,East,Kolkata,Home,Decor,P025,Cushion Cover Set,1,699,0.1,629,320,309,N
ORD-2364,2025-05-20,2025-05-27,C199,Ramesh Gupta,Corporate,North,Delhi,Stationery,Paper,P013,Notebook,1,149,0.1,134,70,64,N
ORD-2365,2025-05-21,2025-05-23,C019,Mohit Rao,Home Office,South,Bengaluru,Home,Kitchen,P024,Air Fryer,3,5499,0.0,16497,11700,4797,N
ORD-2366,2025-05-21,2025-05-27,C015,Kavya Gupta,Corporate,East,Kolkata,Furniture,Storage,P037,Shoe Rack,2,2499,0.2,3998,3400,598,N
ORD-2367,2025-05-22,2025-05-29,C162,Sahil Singh,Consumer,West,Mumbai,Beauty,Fragrance,P012,Perfume,3,1599,0.3,3358,2250,1108,N
ORD-2368,2025-05-22,2025-05-24,C056,Harsh Bhatt,Consumer,North,Delhi,Beauty,Haircare,P028,Shampoo and Conditioner,1,749,0.1,674,350,324,N
ORD-2369,2025-05-22,2025-05-29,C046,Pankaj Das,Home Office,North,Delhi,Apparel,Bottomwear,P006,Denim Jeans,2,1999,0.2,3198,2100,1098,Y
ORD-2370,2025-05-22,2025-05-26,C080,Neha Saxena,Consumer,West,Mumbai,Electronics,Accessories,P003,Power Bank,2,1499,0.1,2698,1800,898,N
ORD-2371,2025-05-22,2025-05-29,C095,Pooja Kapoor,Consumer,West,Pune,Home,Decor,P025,Cushion Cover Set,1,699,0.2,559,320,239,N
ORD-2372,2025-05-23,2025-05-28,C162,Sahil Singh,Consumer,West,Mumbai,Beauty,Haircare,P028,Shampoo and Conditioner,1,749,0.15,637,350,287,N
ORD-2373,2025-05-24,2025-05-27,C050,Isha Jain,Consumer,West,Pune,Stationery,Desk,P032,Whiteboard,6,1299,0.05,7404,4680,2724,N
ORD-2374,2025-05-25,2025-05-30,C219,Tanvi Saxena,Consumer,West,Mumbai,Electronics,Accessories,P016,Wireless Mouse,2,899,0.0,1798,960,838,N
ORD-2375,2025-05-25,2025-05-28,C142,Meera Menon,Consumer,South,Chennai,Stationery,Paper,P013,Notebook,3,149,0.0,447,210,237,N
ORD-2376,2025-05-26,2025-05-31,C079,Sahil Saxena,Corporate,North,Delhi,Furniture,Tables,P038,Bedside Table,1,3499,0.1,3149,2500,649,N
ORD-2377,2025-05-26,2025-05-29,C202,Rajat Pillai,Consumer,West,Mumbai,Furniture,Seating,P033,Office Chair,2,8999,0.2,14398,13600,798,N
ORD-2378,2025-05-26,2025-06-01,C125,Rahul Shah,Consumer,North,Delhi,Beauty,Makeup,P027,Lip Balm Set,1,399,0.15,339,160,179,N
ORD-2379,2025-05-26,2025-05-28,C171,Yash Singh,Corporate,South,Chennai,Home,Kitchen,P024,Air Fryer,4,5499,0.05,20896,15600,5296,N
ORD-2380,2025-05-26,2025-06-01,C190,Pankaj Kumar,Consumer,South,Hyderabad,Furniture,Storage,P035,Bookshelf,1,5999,0.2,4799,4600,199,N
ORD-2381,2025-05-26,2025-05-29,C021,Rajat Reddy,Consumer,West,Mumbai,Beauty,Fragrance,P012,Perfume,2,1599,0.3,2239,1500,739,N
ORD-2382,2025-05-26,2025-05-29,C186,Ananya Shah,Corporate,North,Delhi,Home,Decor,P025,Cushion Cover Set,2,699,0.05,1328,640,688,N
ORD-2383,2025-05-27,2025-05-30,C041,Naveen Kumar,Corporate,West,Mumbai,Beauty,Haircare,P028,Shampoo and Conditioner,3,749,0.1,2022,1050,972,N
ORD-2384,2025-05-27,2025-05-31,C181,Sneha Bose,Corporate,West,Ahmedabad,Apparel,Bottomwear,P006,Denim Jeans,1,1999,0.5,1000,1050,-50,N
ORD-2385,2025-05-27,2025-05-31,C060,Divya Mehta,Consumer,South,Hyderabad,Stationery,Desk,P032,Whiteboard,8,1299,0.0,10392,6240,4152,Y
ORD-2386,2025-05-28,2025-06-02,C102,Kunal Gupta,Consumer,West,Mumbai,Electronics,Accessories,P016,Wireless Mouse,1,899,0.0,899,480,419,N
ORD-2387,2025-05-28,2025-06-03,C120,Anjali Patel,Consumer,North,Delhi,Furniture,Tables,P034,Study Table,3,6499,0.1,17547,15000,2547,N
ORD-2388,2025-05-28,2025-06-02,C191,Sneha Iyer,Corporate,West,Pune,Stationery,Desk,P015,Desk Organizer,1,499,0.05,474,260,214,N
ORD-2389,2025-05-28,2025-06-02,C130,Rajat Gupta,Consumer,South,Chennai,Electronics,Audio,P018,Noise-Cancelling Headphones,4,7999,0.05,30396,22400,7996,N
ORD-2390,2025-05-29,2025-06-04,C072,Aditya Gupta,Consumer,North,Delhi,Apparel,Outerwear,P022,Winter Jacket,1,3999,0.0,3999,2400,1599,N
ORD-2391,2025-05-29,2025-05-31,C039,Pankaj Shah,Consumer,West,Mumbai,Apparel,Bottomwear,P006,Denim Jeans,3,1999,0.5,2998,3150,-152,N
ORD-2392,2025-05-29,2025-05-31,C082,Rohan Nair,Consumer,West,Mumbai,Beauty,Makeup,P027,Lip Balm Set,1,399,0.3,279,160,119,N
ORD-2393,2025-05-29,2025-06-01,C158,Ramesh Sharma,Consumer,South,Bengaluru,Home,Decor,P026,Wall Clock,1,1199,0.2,959,650,309,N
ORD-2394,2025-05-30,2025-06-03,C095,Pooja Kapoor,Consumer,West,Pune,Electronics,Audio,P001,Wireless Earbuds,1,2499,0.1,2249,1500,749,N
ORD-2395,2025-05-30,2025-06-02,C186,Ananya Shah,Corporate,North,Delhi,Apparel,Footwear,P020,Running Shoes,1,3299,0.2,2639,1900,739,N
ORD-2396,2025-05-31,2025-06-02,C064,Amit Singh,Corporate,West,Pune,Stationery,Desk,P030,Stapler Set,3,249,0.0,747,360,387,N
ORD-2397,2025-05-31,2025-06-06,C024,Rajat Bhatt,Consumer,South,Chennai,Beauty,Skincare,P011,Face Serum,2,899,0.15,1528,760,768,N
ORD-2398,2025-05-31,2025-06-02,C186,Ananya Shah,Corporate,North,Delhi,Stationery,Desk,P032,Whiteboard,2,1299,0.0,2598,1560,1038,N
ORD-2399,2025-05-31,2025-06-03,C085,Vivaan Jain,Home Office,South,Bengaluru,Stationery,Desk,P030,Stapler Set,5,249,0.0,1245,600,645,N
ORD-2400,2025-06-01,2025-06-02,C186,Ananya Shah,Corporate,North,Delhi,Electronics,Audio,P018,Noise-Cancelling Headphones,1,7999,0.0,7999,5600,2399,N
ORD-2401,2025-06-01,2025-06-08,C014,Rahul Jain,Consumer,South,Bengaluru,Electronics,Accessories,P017,Mechanical Keyboard,1,3499,0.2,2799,2200,599,N
ORD-2402,2025-06-01,2025-06-04,C186,Ananya Shah,Corporate,North,Delhi,Furniture,Storage,P035,Bookshelf,4,5999,0.3,16797,18400,-1603,N
ORD-2403,2025-06-01,2025-06-03,C064,Amit Singh,Corporate,West,Pune,Beauty,Fragrance,P012,Perfume,1,1599,0.0,1599,750,849,N
ORD-2404,2025-06-01,2025-06-07,C025,Zoya Kulkarni,Corporate,West,Mumbai,Furniture,Tables,P034,Study Table,1,6499,0.2,5199,5000,199,N
ORD-2405,2025-06-01,2025-06-08,C012,Suresh Desai,Home Office,South,Bengaluru,Electronics,Accessories,P019,Webcam HD,3,2199,0.05,6267,4200,2067,N
ORD-2406,2025-06-01,2025-06-02,C084,Meera Chopra,Corporate,East,Kolkata,Electronics,Accessories,P017,Mechanical Keyboard,2,3499,0.05,6648,4400,2248,N
ORD-2407,2025-06-02,2025-06-04,C084,Meera Chopra,Corporate,East,Kolkata,Apparel,Footwear,P020,Running Shoes,5,3299,0.0,16495,9500,6995,N
ORD-2408,2025-06-02,2025-06-04,C192,Priya Pillai,Consumer,South,Chennai,Home,Kitchen,P009,Coffee Maker,2,2999,0.05,5698,4000,1698,Y
ORD-2409,2025-06-02,2025-06-05,C019,Mohit Rao,Home Office,South,Bengaluru,Beauty,Makeup,P027,Lip Balm Set,1,399,0.0,399,160,239,N
ORD-2410,2025-06-03,2025-06-05,C025,Zoya Kulkarni,Corporate,West,Mumbai,Stationery,Desk,P032,Whiteboard,8,1299,0.0,10392,6240,4152,N
ORD-2411,2025-06-03,2025-06-05,C016,Karan Nair,Corporate,North,Delhi,Beauty,Skincare,P029,Sunscreen SPF 50,1,599,0.2,479,270,209,N
ORD-2412,2025-06-04,2025-06-11,C206,Nikhil Chopra,Consumer,West,Mumbai,Home,Decor,P026,Wall Clock,1,1199,0.05,1139,650,489,N
ORD-2413,2025-06-05,2025-06-12,C090,Varun Malhotra,Corporate,South,Bengaluru,Home,Kitchen,P009,Coffee Maker,2,2999,0.05,5698,4000,1698,N
ORD-2414,2025-06-05,2025-06-06,C056,Harsh Bhatt,Consumer,North,Delhi,Electronics,Accessories,P017,Mechanical Keyboard,1,3499,0.0,3499,2200,1299,N
ORD-2415,2025-06-05,2025-06-07,C077,Yash Das,Consumer,West,Pune,Electronics,Audio,P018,Noise-Cancelling Headphones,5,7999,0.15,33996,28000,5996,N
ORD-2416,2025-06-06,2025-06-12,C077,Yash Das,Consumer,West,Pune,Apparel,Bottomwear,P006,Denim Jeans,1,1999,0.0,1999,1050,949,N
ORD-2417,2025-06-06,2025-06-12,C172,Pankaj Kapoor,Home Office,South,Bengaluru,Stationery,Desk,P032,Whiteboard,2,1299,0.0,2598,1560,1038,N
ORD-2418,2025-06-07,2025-06-10,C067,Kunal Singh,Corporate,East,Kolkata,Stationery,Paper,P013,Notebook,4,149,0.0,596,280,316,N
ORD-2419,2025-06-07,2025-06-12,C115,Naveen Desai,Consumer,West,Mumbai,Furniture,Storage,P035,Bookshelf,1,5999,0.4,3599,4600,-1001,N
ORD-2420,2025-06-07,2025-06-12,C085,Vivaan Jain,Home Office,South,Bengaluru,Apparel,Bottomwear,P006,Denim Jeans,5,1999,0.2,7996,5250,2746,N
ORD-2421,2025-06-07,2025-06-09,C162,Sahil Singh,Consumer,West,Mumbai,Electronics,Audio,P018,Noise-Cancelling Headphones,2,7999,0.0,15998,11200,4798,N
ORD-2422,2025-06-07,2025-06-13,C156,Naveen Jain,Consumer,North,Delhi,Electronics,Wearables,P002,Smart Watch,1,5999,0.0,5999,4300,1699,N
ORD-2423,2025-06-07,2025-06-08,C211,Rohan Kumar,Consumer,North,Delhi,Beauty,Skincare,P011,Face Serum,4,899,0.1,3236,1520,1716,N
ORD-2424,2025-06-08,2025-06-12,C087,Isha Bhatt,Consumer,North,Delhi,Beauty,Fragrance,P012,Perfume,1,1599,0.1,1439,750,689,N
ORD-2425,2025-06-08,2025-06-13,C052,Kunal Shah,Corporate,South,Chennai,Home,Decor,P025,Cushion Cover Set,1,699,0.05,664,320,344,N
ORD-2426,2025-06-08,2025-06-13,C030,Anjali Joshi,Corporate,South,Chennai,Home,Decor,P010,Table Lamp,2,999,0.0,1998,1040,958,N
ORD-2427,2025-06-09,2025-06-14,C212,Karan Das,Home Office,South,Hyderabad,Stationery,Desk,P032,Whiteboard,1,1299,0.05,1234,780,454,N
ORD-2428,2025-06-10,2025-06-16,C095,Pooja Kapoor,Consumer,West,Pune,Electronics,Accessories,P019,Webcam HD,3,2199,0.15,5607,4200,1407,Y
ORD-2429,2025-06-10,2025-06-12,C211,Rohan Kumar,Consumer,North,Delhi,Beauty,Fragrance,P012,Perfume,1,1599,0.15,1359,750,609,N
ORD-2430,2025-06-10,2025-06-14,C057,Nikhil Rao,Corporate,West,Mumbai,Home,Kitchen,P024,Air Fryer,2,5499,0.05,10448,7800,2648,N
ORD-2431,2025-06-11,2025-06-17,C102,Kunal Gupta,Consumer,West,Mumbai,Beauty,Fragrance,P012,Perfume,1,1599,0.15,1359,750,609,N
ORD-2432,2025-06-11,2025-06-17,C075,Vikram Joshi,Consumer,West,Mumbai,Furniture,Seating,P033,Office Chair,2,8999,0.2,14398,13600,798,N
ORD-2433,2025-06-11,2025-06-17,C184,Vivaan Rao,Consumer,North,Delhi,Apparel,Footwear,P020,Running Shoes,1,3299,0.2,2639,1900,739,N
ORD-2434,2025-06-12,2025-06-16,C061,Sahil Patel,Consumer,South,Chennai,Home,Decor,P010,Table Lamp,3,999,0.3,2098,1560,538,N
ORD-2435,2025-06-12,2025-06-19,C065,Aditya Shah,Consumer,South,Hyderabad,Beauty,Fragrance,P012,Perfume,4,1599,0.1,5756,3000,2756,Y
ORD-2436,2025-06-12,2025-06-13,C116,Meera Joshi,Consumer,North,Delhi,Home,Decor,P025,Cushion Cover Set,2,699,0.0,1398,640,758,N
ORD-2437,2025-06-12,2025-06-18,C041,Naveen Kumar,Corporate,West,Mumbai,Stationery,Writing,P014,Gel Pens Pack,3,199,0.05,567,270,297,N
ORD-2438,2025-06-13,2025-06-16,C021,Rajat Reddy,Consumer,West,Mumbai,Electronics,Accessories,P016,Wireless Mouse,2,899,0.0,1798,960,838,N
ORD-2439,2025-06-14,2025-06-15,C009,Divya Sharma,Consumer,South,Chennai,Furniture,Storage,P035,Bookshelf,1,5999,0.2,4799,4600,199,N
ORD-2440,2025-06-14,2025-06-21,C087,Isha Bhatt,Consumer,North,Delhi,Home,Decor,P025,Cushion Cover Set,1,699,0.0,699,320,379,N
ORD-2441,2025-06-14,2025-06-18,C153,Meera Malhotra,Consumer,North,Delhi,Electronics,Audio,P018,Noise-Cancelling Headphones,2,7999,0.0,15998,11200,4798,Y
ORD-2442,2025-06-15,2025-06-22,C061,Sahil Patel,Consumer,South,Chennai,Beauty,Fragrance,P012,Perfume,1,1599,0.0,1599,750,849,N
ORD-2443,2025-06-15,2025-06-19,C212,Karan Das,Home Office,South,Hyderabad,Electronics,Audio,P018,Noise-Cancelling Headphones,2,7999,0.1,14398,11200,3198,N
ORD-2444,2025-06-16,2025-06-20,C193,Riya Jain,Consumer,North,Delhi,Stationery,Desk,P032,Whiteboard,2,1299,0.0,2598,1560,1038,N
ORD-2445,2025-06-16,2025-06-21,C040,Shreya Desai,Corporate,South,Bengaluru,Apparel,Topwear,P005,Cotton T-Shirt,1,799,0.5,400,380,20,N
ORD-2446,2025-06-16,2025-06-19,C079,Sahil Saxena,Corporate,North,Delhi,Home,Decor,P025,Cushion Cover Set,1,699,0.1,629,320,309,N
ORD-2447,2025-06-16,2025-06-18,C053,Gaurav Gupta,Consumer,South,Chennai,Furniture,Storage,P035,Bookshelf,1,5999,0.0,5999,4600,1399,N
ORD-2448,2025-06-17,2025-06-20,C041,Naveen Kumar,Corporate,West,Mumbai,Furniture,Seating,P033,Office Chair,2,8999,0.0,17998,13600,4398,N
ORD-2449,2025-06-17,2025-06-21,C175,Divya Menon,Consumer,West,Mumbai,Electronics,Accessories,P019,Webcam HD,1,2199,0.2,1759,1400,359,N
ORD-2450,2025-06-18,2025-06-21,C041,Naveen Kumar,Corporate,West,Mumbai,Home,Kitchen,P009,Coffee Maker,2,2999,0.0,5998,4000,1998,N
ORD-2451,2025-06-19,2025-06-25,C051,Suresh Bhatt,Consumer,West,Mumbai,Stationery,Writing,P014,Gel Pens Pack,8,199,0.0,1592,720,872,N
ORD-2452,2025-06-19,2025-06-23,C043,Vivaan Das,Corporate,North,Delhi,Home,Bedding,P008,Cotton Bedsheet,1,1299,0.1,1169,700,469,N
ORD-2453,2025-06-20,2025-06-27,C163,Kavya Das,Corporate,West,Pune,Furniture,Storage,P037,Shoe Rack,1,2499,0.2,1999,1700,299,Y
ORD-2454,2025-06-20,2025-06-25,C075,Vikram Joshi,Consumer,West,Mumbai,Electronics,Audio,P018,Noise-Cancelling Headphones,3,7999,0.2,19198,16800,2398,N
ORD-2455,2025-06-20,2025-06-23,C014,Rahul Jain,Consumer,South,Bengaluru,Beauty,Makeup,P027,Lip Balm Set,2,399,0.15,678,320,358,N
ORD-2456,2025-06-21,2025-06-26,C058,Tarun Kapoor,Consumer,North,Delhi,Electronics,Wearables,P002,Smart Watch,3,5999,0.0,17997,12900,5097,N
ORD-2457,2025-06-21,2025-06-26,C037,Naveen Malhotra,Home Office,South,Bengaluru,Stationery,Desk,P032,Whiteboard,1,1299,0.0,1299,780,519,N
ORD-2458,2025-06-21,2025-06-22,C111,Rahul Singh,Corporate,West,Mumbai,Electronics,Audio,P018,Noise-Cancelling Headphones,1,7999,0.1,7199,5600,1599,N
ORD-2459,2025-06-22,2025-06-23,C201,Sneha Malhotra,Consumer,West,Mumbai,Home,Kitchen,P024,Air Fryer,3,5499,0.2,13198,11700,1498,N
ORD-2460,2025-06-22,2025-06-25,C117,Yash Shah,Corporate,South,Hyderabad,Furniture,Storage,P035,Bookshelf,1,5999,0.3,4199,4600,-401,N
ORD-2461,2025-06-22,2025-06-23,C051,Suresh Bhatt,Consumer,West,Mumbai,Electronics,Audio,P018,Noise-Cancelling Headphones,4,7999,0.05,30396,22400,7996,N
ORD-2462,2025-06-23,2025-06-29,C029,Rajat Patel,Corporate,South,Bengaluru,Apparel,Outerwear,P022,Winter Jacket,3,3999,0.5,5998,7200,-1202,N
ORD-2463,2025-06-23,2025-06-26,C045,Vivaan Bose,Consumer,South,Bengaluru,Electronics,Audio,P018,Noise-Cancelling Headphones,1,7999,0.0,7999,5600,2399,N
ORD-2464,2025-06-23,2025-06-27,C210,Sahil Desai,Home Office,South,Bengaluru,Apparel,Footwear,P020,Running Shoes,1,3299,0.1,2969,1900,1069,N
ORD-2465,2025-06-23,2025-06-24,C163,Kavya Das,Corporate,West,Pune,Beauty,Skincare,P029,Sunscreen SPF 50,1,599,0.2,479,270,209,N
ORD-2466,2025-06-23,2025-06-29,C068,Varun Nair,Corporate,West,Mumbai,Beauty,Makeup,P027,Lip Balm Set,3,399,0.0,1197,480,717,N
ORD-2467,2025-06-23,2025-06-29,C030,Anjali Joshi,Corporate,South,Chennai,Furniture,Storage,P035,Bookshelf,4,5999,0.3,16797,18400,-1603,N
ORD-2468,2025-06-23,2025-06-24,C003,Anjali Kulkarni,Corporate,East,Kolkata,Home,Decor,P025,Cushion Cover Set,1,699,0.05,664,320,344,N
ORD-2469,2025-06-24,2025-06-30,C012,Suresh Desai,Home Office,South,Bengaluru,Beauty,Makeup,P027,Lip Balm Set,3,399,0.1,1077,480,597,Y
ORD-2470,2025-06-24,2025-06-29,C063,Tanvi Gupta,Home Office,West,Pune,Apparel,Footwear,P020,Running Shoes,2,3299,0.5,3299,3800,-501,N
ORD-2471,2025-06-24,2025-06-27,C045,Vivaan Bose,Consumer,South,Bengaluru,Apparel,Footwear,P020,Running Shoes,1,3299,0.2,2639,1900,739,N
ORD-2472,2025-06-25,2025-06-29,C153,Meera Malhotra,Consumer,North,Delhi,Furniture,Tables,P034,Study Table,1,6499,0.1,5849,5000,849,N
ORD-2473,2025-06-25,2025-06-28,C085,Vivaan Jain,Home Office,South,Bengaluru,Home,Decor,P010,Table Lamp,4,999,0.0,3996,2080,1916,N
ORD-2474,2025-06-26,2025-07-01,C032,Tanvi Kumar,Consumer,South,Bengaluru,Beauty,Makeup,P027,Lip Balm Set,2,399,0.15,678,320,358,N
ORD-2475,2025-06-26,2025-06-28,C200,Aditya Joshi,Consumer,North,Delhi,Electronics,Accessories,P016,Wireless Mouse,3,899,0.0,2697,1440,1257,N
ORD-2476,2025-06-26,2025-06-28,C078,Isha Mehta,Consumer,North,Delhi,Home,Kitchen,P009,Coffee Maker,4,2999,0.05,11396,8000,3396,N
ORD-2477,2025-06-27,2025-06-28,C069,Vivaan Menon,Corporate,South,Chennai,Home,Bedding,P008,Cotton Bedsheet,1,1299,0.05,1234,700,534,N
ORD-2478,2025-06-27,2025-06-28,C110,Kavya Shah,Consumer,South,Chennai,Beauty,Fragrance,P012,Perfume,2,1599,0.2,2558,1500,1058,N
ORD-2479,2025-06-27,2025-06-29,C053,Gaurav Gupta,Consumer,South,Chennai,Electronics,Accessories,P017,Mechanical Keyboard,3,3499,0.1,9447,6600,2847,Y
ORD-2480,2025-06-28,2025-07-03,C022,Gaurav Saxena,Consumer,West,Mumbai,Furniture,Seating,P033,Office Chair,3,8999,0.1,24297,20400,3897,N
ORD-2481,2025-06-28,2025-06-29,C093,Gaurav Kapoor,Consumer,South,Hyderabad,Apparel,Topwear,P021,Formal Shirt,1,1499,0.0,1499,750,749,N
ORD-2482,2025-06-30,2025-07-05,C108,Manoj Gupta,Home Office,North,Delhi,Stationery,Paper,P013,Notebook,3,149,0.0,447,210,237,N
ORD-2483,2025-07-01,2025-07-06,C108,Manoj Gupta,Home Office,North,Delhi,Electronics,Wearables,P002,Smart Watch,2,5999,0.05,11398,8600,2798,N
ORD-2484,2025-07-01,2025-07-08,C071,Priya Shah,Consumer,South,Bengaluru,Stationery,Writing,P014,Gel Pens Pack,1,199,0.1,179,90,89,N
ORD-2485,2025-07-01,2025-07-08,C060,Divya Mehta,Consumer,South,Hyderabad,Stationery,Writing,P014,Gel Pens Pack,3,199,0.1,537,270,267,N
ORD-2486,2025-07-01,2025-07-05,C166,Suresh Nair,Home Office,North,Delhi,Apparel,Outerwear,P022,Winter Jacket,1,3999,0.2,3199,2400,799,N
ORD-2487,2025-07-01,2025-07-04,C060,Divya Mehta,Consumer,South,Hyderabad,Furniture,Tables,P038,Bedside Table,1,3499,0.2,2799,2500,299,N
ORD-2488,2025-07-01,2025-07-02,C113,Sanjay Malhotra,Consumer,West,Pune,Electronics,Audio,P018,Noise-Cancelling Headphones,1,7999,0.0,7999,5600,2399,N
ORD-2489,2025-07-02,2025-07-03,C178,Gaurav Pillai,Home Office,South,Bengaluru,Electronics,Accessories,P016,Wireless Mouse,1,899,0.0,899,480,419,N
ORD-2490,2025-07-02,2025-07-05,C012,Suresh Desai,Home Office,South,Bengaluru,Furniture,Tables,P034,Study Table,1,6499,0.4,3899,5000,-1101,N
ORD-2491,2025-07-02,2025-07-07,C017,Manoj Saxena,Home Office,South,Bengaluru,Apparel,Topwear,P005,Cotton T-Shirt,2,799,0.4,959,760,199,N
ORD-2492,2025-07-03,2025-07-08,C054,Sneha Mehta,Consumer,West,Mumbai,Home,Decor,P025,Cushion Cover Set,3,699,0.2,1678,960,718,N
ORD-2493,2025-07-03,2025-07-05,C197,Meera Nair,Corporate,East,Kolkata,Furniture,Storage,P037,Shoe Rack,2,2499,0.3,3499,3400,99,N
ORD-2494,2025-07-03,2025-07-06,C051,Suresh Bhatt,Consumer,West,Mumbai,Beauty,Skincare,P011,Face Serum,5,899,0.15,3821,1900,1921,N
ORD-2495,2025-07-04,2025-07-05,C213,Deepak Singh,Consumer,North,Delhi,Electronics,Accessories,P019,Webcam HD,1,2199,0.1,1979,1400,579,N
ORD-2496,2025-07-04,2025-07-08,C027,Tanvi Kapoor,Consumer,West,Mumbai,Beauty,Haircare,P028,Shampoo and Conditioner,1,749,0.15,637,350,287,N
ORD-2497,2025-07-05,2025-07-07,C068,Varun Nair,Corporate,West,Mumbai,Beauty,Skincare,P029,Sunscreen SPF 50,3,599,0.15,1527,810,717,N
ORD-2498,2025-07-05,2025-07-10,C018,Riya Pillai,Home Office,West,Mumbai,Electronics,Wearables,P002,Smart Watch,1,5999,0.0,5999,4300,1699,N
ORD-2499,2025-07-05,2025-07-06,C103,Riya Singh,Home Office,West,Mumbai,Electronics,Audio,P018,Noise-Cancelling Headphones,2,7999,0.05,15198,11200,3998,N
ORD-2500,2025-07-06,2025-07-11,C046,Pankaj Das,Home Office,North,Delhi,Apparel,Topwear,P021,Formal Shirt,1,1499,0.1,1349,750,599,N
ORD-2501,2025-07-06,2025-07-13,C211,Rohan Kumar,Consumer,North,Delhi,Apparel,Footwear,P020,Running Shoes,1,3299,0.3,2309,1900,409,N
ORD-2502,2025-07-06,2025-07-12,C060,Divya Mehta,Consumer,South,Hyderabad,Beauty,Makeup,P027,Lip Balm Set,2,399,0.2,638,320,318,N
ORD-2503,2025-07-06,2025-07-10,C146,Ramesh Kapoor,Consumer,West,Pune,Stationery,Desk,P032,Whiteboard,6,1299,0.0,7794,4680,3114,N
ORD-2504,2025-07-06,2025-07-13,C164,Aarav Pillai,Consumer,West,Pune,Beauty,Fragrance,P012,Perfume,5,1599,0.1,7196,3750,3446,N
ORD-2505,2025-07-06,2025-07-07,C006,Kunal Bose,Consumer,East,Kolkata,Stationery,Desk,P032,Whiteboard,3,1299,0.05,3702,2340,1362,N
ORD-2506,2025-07-07,2025-07-12,C061,Sahil Patel,Consumer,South,Chennai,Home,Decor,P025,Cushion Cover Set,1,699,0.05,664,320,344,N
ORD-2507,2025-07-07,2025-07-08,C163,Kavya Das,Corporate,West,Pune,Home,Decor,P025,Cushion Cover Set,1,699,0.0,699,320,379,N
ORD-2508,2025-07-07,2025-07-13,C095,Pooja Kapoor,Consumer,West,Pune,Furniture,Seating,P033,Office Chair,1,8999,0.1,8099,6800,1299,N
ORD-2509,2025-07-07,2025-07-12,C058,Tarun Kapoor,Consumer,North,Delhi,Home,Decor,P025,Cushion Cover Set,1,699,0.0,699,320,379,N
ORD-2510,2025-07-08,2025-07-13,C019,Mohit Rao,Home Office,South,Bengaluru,Home,Decor,P025,Cushion Cover Set,1,699,0.05,664,320,344,N
ORD-2511,2025-07-09,2025-07-12,C078,Isha Mehta,Consumer,North,Delhi,Apparel,Footwear,P020,Running Shoes,1,3299,0.1,2969,1900,1069,N
ORD-2512,2025-07-09,2025-07-14,C056,Harsh Bhatt,Consumer,North,Delhi,Beauty,Skincare,P011,Face Serum,1,899,0.0,899,380,519,N
ORD-2513,2025-07-10,2025-07-17,C162,Sahil Singh,Consumer,West,Mumbai,Apparel,Bottomwear,P006,Denim Jeans,4,1999,0.4,4798,4200,598,N
ORD-2514,2025-07-11,2025-07-18,C099,Ananya Bhatt,Consumer,South,Chennai,Electronics,Audio,P018,Noise-Cancelling Headphones,1,7999,0.0,7999,5600,2399,N
ORD-2515,2025-07-11,2025-07-15,C174,Deepak Kumar,Corporate,West,Ahmedabad,Home,Kitchen,P009,Coffee Maker,2,2999,0.1,5398,4000,1398,N
ORD-2516,2025-07-11,2025-07-14,C153,Meera Malhotra,Consumer,North,Delhi,Home,Decor,P010,Table Lamp,1,999,0.0,999,520,479,N
ORD-2517,2025-07-12,2025-07-14,C091,Suresh Shah,Consumer,West,Pune,Apparel,Footwear,P020,Running Shoes,2,3299,0.4,3959,3800,159,N
ORD-2518,2025-07-12,2025-07-19,C095,Pooja Kapoor,Consumer,West,Pune,Home,Kitchen,P009,Coffee Maker,1,2999,0.2,2399,2000,399,N
ORD-2519,2025-07-12,2025-07-14,C145,Kunal Rao,Corporate,West,Pune,Electronics,Audio,P004,Bluetooth Speaker,2,3299,0.0,6598,4200,2398,N
ORD-2520,2025-07-12,2025-07-16,C151,Suresh Mehta,Consumer,West,Mumbai,Furniture,Storage,P035,Bookshelf,1,5999,0.3,4199,4600,-401,N
ORD-2521,2025-07-12,2025-07-19,C031,Manoj Bose,Consumer,West,Ahmedabad,Beauty,Makeup,P027,Lip Balm Set,1,399,0.3,279,160,119,N
ORD-2522,2025-07-12,2025-07-14,C041,Naveen Kumar,Corporate,West,Mumbai,Beauty,Makeup,P027,Lip Balm Set,2,399,0.3,559,320,239,N
ORD-2523,2025-07-13,2025-07-15,C135,Sneha Bhatt,Corporate,South,Hyderabad,Stationery,Desk,P032,Whiteboard,4,1299,0.0,5196,3120,2076,N
ORD-2524,2025-07-14,2025-07-16,C058,Tarun Kapoor,Consumer,North,Delhi,Stationery,Paper,P013,Notebook,4,149,0.0,596,280,316,N
ORD-2525,2025-07-14,2025-07-15,C063,Tanvi Gupta,Home Office,West,Pune,Furniture,Tables,P038,Bedside Table,4,3499,0.3,9797,10000,-203,N
ORD-2526,2025-07-14,2025-07-18,C008,Riya Bose,Home Office,West,Mumbai,Furniture,Tables,P034,Study Table,1,6499,0.2,5199,5000,199,N
ORD-2527,2025-07-15,2025-07-21,C045,Vivaan Bose,Consumer,South,Bengaluru,Furniture,Seating,P033,Office Chair,3,8999,0.4,16198,20400,-4202,N
ORD-2528,2025-07-16,2025-07-19,C197,Meera Nair,Corporate,East,Kolkata,Home,Kitchen,P024,Air Fryer,2,5499,0.05,10448,7800,2648,N
ORD-2529,2025-07-16,2025-07-20,C197,Meera Nair,Corporate,East,Kolkata,Beauty,Fragrance,P012,Perfume,1,1599,0.0,1599,750,849,N
ORD-2530,2025-07-17,2025-07-24,C054,Sneha Mehta,Consumer,West,Mumbai,Beauty,Skincare,P011,Face Serum,1,899,0.0,899,380,519,N
ORD-2531,2025-07-17,2025-07-20,C084,Meera Chopra,Corporate,East,Kolkata,Furniture,Seating,P033,Office Chair,3,8999,0.2,21598,20400,1198,N
ORD-2532,2025-07-18,2025-07-19,C149,Deepak Jain,Corporate,North,Delhi,Beauty,Fragrance,P012,Perfume,1,1599,0.0,1599,750,849,N
ORD-2533,2025-07-18,2025-07-21,C146,Ramesh Kapoor,Consumer,West,Pune,Apparel,Footwear,P020,Running Shoes,1,3299,0.3,2309,1900,409,N
ORD-2534,2025-07-18,2025-07-20,C084,Meera Chopra,Corporate,East,Kolkata,Electronics,Audio,P018,Noise-Cancelling Headphones,2,7999,0.05,15198,11200,3998,N
ORD-2535,2025-07-18,2025-07-25,C167,Sneha Pillai,Corporate,West,Mumbai,Home,Kitchen,P009,Coffee Maker,1,2999,0.1,2699,2000,699,N
ORD-2536,2025-07-18,2025-07-25,C076,Varun Verma,Corporate,West,Mumbai,Home,Bedding,P008,Cotton Bedsheet,1,1299,0.1,1169,700,469,N
ORD-2537,2025-07-18,2025-07-19,C038,Shreya Kapoor,Home Office,South,Hyderabad,Stationery,Desk,P030,Stapler Set,2,249,0.0,498,240,258,N
ORD-2538,2025-07-18,2025-07-25,C162,Sahil Singh,Consumer,West,Mumbai,Apparel,Bottomwear,P006,Denim Jeans,1,1999,0.2,1599,1050,549,Y
ORD-2539,2025-07-18,2025-07-23,C162,Sahil Singh,Consumer,West,Mumbai,Apparel,Footwear,P020,Running Shoes,1,3299,0.3,2309,1900,409,N
ORD-2540,2025-07-19,2025-07-21,C173,Isha Desai,Consumer,South,Hyderabad,Furniture,Tables,P038,Bedside Table,2,3499,0.2,5598,5000,598,N
ORD-2541,2025-07-20,2025-07-27,C127,Deepak Reddy,Consumer,West,Pune,Home,Kitchen,P024,Air Fryer,4,5499,0.05,20896,15600,5296,N
ORD-2542,2025-07-20,2025-07-26,C220,Varun Singh,Corporate,East,Kolkata,Stationery,Paper,P013,Notebook,1,149,0.0,149,70,79,N
ORD-2543,2025-07-20,2025-07-25,C085,Vivaan Jain,Home Office,South,Bengaluru,Stationery,Writing,P014,Gel Pens Pack,2,199,0.0,398,180,218,N
ORD-2544,2025-07-21,2025-07-23,C193,Riya Jain,Consumer,North,Delhi,Beauty,Skincare,P029,Sunscreen SPF 50,4,599,0.0,2396,1080,1316,N
ORD-2545,2025-07-21,2025-07-24,C045,Vivaan Bose,Consumer,South,Bengaluru,Beauty,Skincare,P011,Face Serum,1,899,0.1,809,380,429,N
ORD-2546,2025-07-22,2025-07-26,C060,Divya Mehta,Consumer,South,Hyderabad,Home,Kitchen,P009,Coffee Maker,2,2999,0.05,5698,4000,1698,N
ORD-2547,2025-07-22,2025-07-23,C175,Divya Menon,Consumer,West,Mumbai,Beauty,Haircare,P028,Shampoo and Conditioner,4,749,0.0,2996,1400,1596,N
ORD-2548,2025-07-22,2025-07-29,C031,Manoj Bose,Consumer,West,Ahmedabad,Apparel,Footwear,P020,Running Shoes,3,3299,0.0,9897,5700,4197,N
ORD-2549,2025-07-22,2025-07-28,C195,Rajat Chopra,Consumer,West,Ahmedabad,Beauty,Fragrance,P012,Perfume,1,1599,0.1,1439,750,689,N
ORD-2550,2025-07-22,2025-07-26,C186,Ananya Shah,Corporate,North,Delhi,Home,Bedding,P008,Cotton Bedsheet,2,1299,0.0,2598,1400,1198,N
ORD-2551,2025-07-22,2025-07-28,C214,Isha Nair,Consumer,West,Pune,Home,Bedding,P008,Cotton Bedsheet,2,1299,0.2,2078,1400,678,N
ORD-2552,2025-07-23,2025-07-29,C123,Harsh Menon,Consumer,East,Kolkata,Stationery,Desk,P015,Desk Organizer,3,499,0.0,1497,780,717,N
ORD-2553,2025-07-23,2025-07-27,C129,Mohit Kumar,Consumer,West,Mumbai,Stationery,Desk,P032,Whiteboard,10,1299,0.0,12990,7800,5190,N
ORD-2554,2025-07-23,2025-07-27,C130,Rajat Gupta,Consumer,South,Chennai,Beauty,Haircare,P028,Shampoo and Conditioner,1,749,0.0,749,350,399,N
ORD-2555,2025-07-23,2025-07-24,C060,Divya Mehta,Consumer,South,Hyderabad,Stationery,Paper,P013,Notebook,6,149,0.05,849,420,429,N
ORD-2556,2025-07-24,2025-07-31,C139,Ramesh Nair,Consumer,West,Pune,Furniture,Tables,P034,Study Table,5,6499,0.2,25996,25000,996,N
ORD-2557,2025-07-25,2025-07-29,C087,Isha Bhatt,Consumer,North,Delhi,Electronics,Wearables,P002,Smart Watch,1,5999,0.2,4799,4300,499,N
ORD-2558,2025-07-25,2025-07-27,C187,Ananya Bose,Consumer,North,Delhi,Furniture,Storage,P037,Shoe Rack,2,2499,0.3,3499,3400,99,N
ORD-2559,2025-07-26,2025-08-02,C118,Rahul Kumar,Consumer,East,Kolkata,Apparel,Footwear,P020,Running Shoes,4,3299,0.0,13196,7600,5596,N
ORD-2560,2025-07-26,2025-07-30,C212,Karan Das,Home Office,South,Hyderabad,Apparel,Topwear,P007,Hoodie,1,1799,0.0,1799,950,849,N
ORD-2561,2025-07-26,2025-07-27,C129,Mohit Kumar,Consumer,West,Mumbai,Electronics,Accessories,P016,Wireless Mouse,2,899,0.0,1798,960,838,N
ORD-2562,2025-07-26,2025-07-27,C036,Shreya Nair,Consumer,North,Delhi,Beauty,Haircare,P028,Shampoo and Conditioner,2,749,0.0,1498,700,798,N
ORD-2563,2025-07-27,2025-07-30,C167,Sneha Pillai,Corporate,West,Mumbai,Furniture,Storage,P035,Bookshelf,4,5999,0.3,16797,18400,-1603,N
ORD-2564,2025-07-27,2025-08-01,C130,Rajat Gupta,Consumer,South,Chennai,Stationery,Writing,P014,Gel Pens Pack,4,199,0.05,756,360,396,N
ORD-2565,2025-07-27,2025-08-03,C107,Kunal Reddy,Consumer,West,Ahmedabad,Stationery,Desk,P032,Whiteboard,5,1299,0.05,6170,3900,2270,N
ORD-2566,2025-07-27,2025-08-02,C063,Tanvi Gupta,Home Office,West,Pune,Home,Decor,P025,Cushion Cover Set,1,699,0.2,559,320,239,N
ORD-2567,2025-07-28,2025-07-30,C056,Harsh Bhatt,Consumer,North,Delhi,Electronics,Accessories,P019,Webcam HD,4,2199,0.0,8796,5600,3196,N
ORD-2568,2025-07-28,2025-07-30,C007,Kavya Patel,Consumer,West,Pune,Beauty,Makeup,P027,Lip Balm Set,4,399,0.0,1596,640,956,N
ORD-2569,2025-07-28,2025-08-04,C002,Ramesh Shah,Consumer,North,Delhi,Home,Kitchen,P024,Air Fryer,1,5499,0.3,3849,3900,-51,N
ORD-2570,2025-07-28,2025-07-31,C053,Gaurav Gupta,Consumer,South,Chennai,Furniture,Tables,P034,Study Table,1,6499,0.2,5199,5000,199,N
ORD-2571,2025-07-29,2025-08-03,C012,Suresh Desai,Home Office,South,Bengaluru,Electronics,Audio,P018,Noise-Cancelling Headphones,1,7999,0.05,7599,5600,1999,N
ORD-2572,2025-07-30,2025-08-06,C120,Anjali Patel,Consumer,North,Delhi,Beauty,Haircare,P028,Shampoo and Conditioner,1,749,0.0,749,350,399,N
ORD-2573,2025-07-31,2025-08-02,C185,Rohan Desai,Consumer,South,Hyderabad,Apparel,Topwear,P005,Cotton T-Shirt,1,799,0.0,799,380,419,N
ORD-2574,2025-07-31,2025-08-07,C163,Kavya Das,Corporate,West,Pune,Electronics,Accessories,P003,Power Bank,1,1499,0.15,1274,900,374,N
ORD-2575,2025-07-31,2025-08-02,C195,Rajat Chopra,Consumer,West,Ahmedabad,Stationery,Desk,P030,Stapler Set,1,249,0.05,237,120,117,N
ORD-2576,2025-07-31,2025-08-04,C175,Divya Menon,Consumer,West,Mumbai,Home,Decor,P025,Cushion Cover Set,1,699,0.0,699,320,379,N
ORD-2577,2025-08-01,2025-08-03,C098,Kavya Bhatt,Home Office,North,Delhi,Electronics,Wearables,P002,Smart Watch,1,5999,0.0,5999,4300,1699,N
ORD-2578,2025-08-01,2025-08-05,C108,Manoj Gupta,Home Office,North,Delhi,Home,Decor,P025,Cushion Cover Set,1,699,0.2,559,320,239,N
ORD-2579,2025-08-01,2025-08-04,C146,Ramesh Kapoor,Consumer,West,Pune,Electronics,Audio,P018,Noise-Cancelling Headphones,2,7999,0.0,15998,11200,4798,N
ORD-2580,2025-08-02,2025-08-03,C152,Tarun Reddy,Consumer,West,Pune,Apparel,Outerwear,P022,Winter Jacket,2,3999,0.0,7998,4800,3198,N
ORD-2581,2025-08-02,2025-08-06,C124,Neha Joshi,Consumer,East,Kolkata,Furniture,Tables,P038,Bedside Table,1,3499,0.1,3149,2500,649,N
ORD-2582,2025-08-03,2025-08-04,C106,Vivaan Kumar,Consumer,West,Pune,Home,Decor,P010,Table Lamp,2,999,0.3,1399,1040,359,N
ORD-2583,2025-08-03,2025-08-05,C193,Riya Jain,Consumer,North,Delhi,Electronics,Accessories,P003,Power Bank,2,1499,0.05,2848,1800,1048,N
ORD-2584,2025-08-03,2025-08-04,C174,Deepak Kumar,Corporate,West,Ahmedabad,Beauty,Makeup,P027,Lip Balm Set,2,399,0.2,638,320,318,N
ORD-2585,2025-08-03,2025-08-05,C083,Sneha Rao,Consumer,North,Delhi,Apparel,Footwear,P020,Running Shoes,1,3299,0.4,1979,1900,79,N
ORD-2586,2025-08-04,2025-08-06,C108,Manoj Gupta,Home Office,North,Delhi,Stationery,Paper,P013,Notebook,2,149,0.0,298,140,158,N
ORD-2587,2025-08-04,2025-08-08,C085,Vivaan Jain,Home Office,South,Bengaluru,Electronics,Accessories,P003,Power Bank,1,1499,0.15,1274,900,374,N
ORD-2588,2025-08-05,2025-08-12,C113,Sanjay Malhotra,Consumer,West,Pune,Home,Kitchen,P009,Coffee Maker,5,2999,0.0,14995,10000,4995,N
ORD-2589,2025-08-05,2025-08-11,C112,Riya Chopra,Corporate,South,Hyderabad,Beauty,Skincare,P029,Sunscreen SPF 50,2,599,0.0,1198,540,658,N
ORD-2590,2025-08-05,2025-08-12,C065,Aditya Shah,Consumer,South,Hyderabad,Beauty,Makeup,P027,Lip Balm Set,1,399,0.15,339,160,179,N
ORD-2591,2025-08-06,2025-08-07,C091,Suresh Shah,Consumer,West,Pune,Apparel,Bottomwear,P006,Denim Jeans,4,1999,0.4,4798,4200,598,N
ORD-2592,2025-08-06,2025-08-10,C082,Rohan Nair,Consumer,West,Mumbai,Electronics,Accessories,P019,Webcam HD,2,2199,0.05,4178,2800,1378,N
ORD-2593,2025-08-06,2025-08-09,C043,Vivaan Das,Corporate,North,Delhi,Electronics,Audio,P018,Noise-Cancelling Headphones,1,7999,0.0,7999,5600,2399,N
ORD-2594,2025-08-07,2025-08-13,C056,Harsh Bhatt,Consumer,North,Delhi,Apparel,Footwear,P020,Running Shoes,1,3299,0.0,3299,1900,1399,N
ORD-2595,2025-08-08,2025-08-10,C086,Suresh Kapoor,Consumer,South,Bengaluru,Furniture,Tables,P038,Bedside Table,1,3499,0.2,2799,2500,299,N
ORD-2596,2025-08-08,2025-08-09,C112,Riya Chopra,Corporate,South,Hyderabad,Electronics,Accessories,P016,Wireless Mouse,1,899,0.0,899,480,419,N
ORD-2597,2025-08-08,2025-08-11,C045,Vivaan Bose,Consumer,South,Bengaluru,Furniture,Storage,P037,Shoe Rack,1,2499,0.1,2249,1700,549,N
ORD-2598,2025-08-08,2025-08-12,C112,Riya Chopra,Corporate,South,Hyderabad,Furniture,Seating,P033,Office Chair,3,8999,0.3,18898,20400,-1502,N
ORD-2599,2025-08-09,2025-08-13,C188,Zoya Desai,Home Office,North,Delhi,Furniture,Seating,P033,Office Chair,2,8999,0.2,14398,13600,798,N
ORD-2600,2025-08-10,2025-08-15,C207,Shreya Sharma,Consumer,West,Mumbai,Home,Decor,P010,Table Lamp,2,999,0.0,1998,1040,958,N
ORD-2601,2025-08-10,2025-08-14,C015,Kavya Gupta,Corporate,East,Kolkata,Stationery,Writing,P014,Gel Pens Pack,6,199,0.0,1194,540,654,N
ORD-2602,2025-08-10,2025-08-15,C211,Rohan Kumar,Consumer,North,Delhi,Stationery,Paper,P013,Notebook,4,149,0.0,596,280,316,N
ORD-2603,2025-08-10,2025-08-13,C102,Kunal Gupta,Consumer,West,Mumbai,Stationery,Desk,P015,Desk Organizer,5,499,0.1,2246,1300,946,N
ORD-2604,2025-08-10,2025-08-15,C164,Aarav Pillai,Consumer,West,Pune,Electronics,Accessories,P016,Wireless Mouse,2,899,0.1,1618,960,658,N
ORD-2605,2025-08-10,2025-08-13,C153,Meera Malhotra,Consumer,North,Delhi,Electronics,Accessories,P019,Webcam HD,3,2199,0.0,6597,4200,2397,N
ORD-2606,2025-08-10,2025-08-11,C082,Rohan Nair,Consumer,West,Mumbai,Stationery,Writing,P014,Gel Pens Pack,1,199,0.0,199,90,109,N
ORD-2607,2025-08-11,2025-08-14,C118,Rahul Kumar,Consumer,East,Kolkata,Apparel,Footwear,P020,Running Shoes,1,3299,0.2,2639,1900,739,N
ORD-2608,2025-08-12,2025-08-16,C024,Rajat Bhatt,Consumer,South,Chennai,Beauty,Skincare,P011,Face Serum,4,899,0.1,3236,1520,1716,N
ORD-2609,2025-08-13,2025-08-15,C042,Nikhil Joshi,Consumer,South,Hyderabad,Home,Decor,P010,Table Lamp,1,999,0.0,999,520,479,N
ORD-2610,2025-08-13,2025-08-19,C040,Shreya Desai,Corporate,South,Bengaluru,Apparel,Outerwear,P022,Winter Jacket,1,3999,0.0,3999,2400,1599,N
ORD-2611,2025-08-13,2025-08-20,C069,Vivaan Menon,Corporate,South,Chennai,Stationery,Writing,P014,Gel Pens Pack,5,199,0.1,896,450,446,N
ORD-2612,2025-08-13,2025-08-20,C215,Naveen Rao,Corporate,South,Hyderabad,Home,Decor,P025,Cushion Cover Set,2,699,0.3,979,640,339,Y
ORD-2613,2025-08-13,2025-08-18,C012,Suresh Desai,Home Office,South,Bengaluru,Apparel,Outerwear,P022,Winter Jacket,2,3999,0.5,3999,4800,-801,N
ORD-2614,2025-08-13,2025-08-17,C022,Gaurav Saxena,Consumer,West,Mumbai,Beauty,Skincare,P011,Face Serum,1,899,0.15,764,380,384,N
ORD-2615,2025-08-13,2025-08-17,C002,Ramesh Shah,Consumer,North,Delhi,Furniture,Seating,P033,Office Chair,2,8999,0.2,14398,13600,798,N
ORD-2616,2025-08-14,2025-08-19,C105,Kavya Singh,Consumer,West,Ahmedabad,Home,Decor,P010,Table Lamp,4,999,0.05,3796,2080,1716,N
ORD-2617,2025-08-14,2025-08-21,C150,Meera Gupta,Home Office,West,Mumbai,Apparel,Topwear,P021,Formal Shirt,1,1499,0.3,1049,750,299,N
ORD-2618,2025-08-14,2025-08-21,C148,Divya Jain,Home Office,West,Pune,Beauty,Fragrance,P012,Perfume,2,1599,0.1,2878,1500,1378,Y
ORD-2619,2025-08-14,2025-08-21,C123,Harsh Menon,Consumer,East,Kolkata,Apparel,Footwear,P020,Running Shoes,1,3299,0.0,3299,1900,1399,N
ORD-2620,2025-08-14,2025-08-19,C051,Suresh Bhatt,Consumer,West,Mumbai,Beauty,Haircare,P028,Shampoo and Conditioner,1,749,0.15,637,350,287,N
ORD-2621,2025-08-14,2025-08-21,C137,Priya Verma,Consumer,South,Bengaluru,Home,Decor,P010,Table Lamp,2,999,0.2,1598,1040,558,N
ORD-2622,2025-08-14,2025-08-18,C058,Tarun Kapoor,Consumer,North,Delhi,Apparel,Footwear,P020,Running Shoes,2,3299,0.4,3959,3800,159,Y
ORD-2623,2025-08-15,2025-08-18,C008,Riya Bose,Home Office,West,Mumbai,Stationery,Writing,P014,Gel Pens Pack,2,199,0.0,398,180,218,N
ORD-2624,2025-08-15,2025-08-16,C147,Meera Verma,Corporate,West,Mumbai,Electronics,Audio,P018,Noise-Cancelling Headphones,3,7999,0.05,22797,16800,5997,N
ORD-2625,2025-08-16,2025-08-17,C031,Manoj Bose,Consumer,West,Ahmedabad,Home,Decor,P026,Wall Clock,1,1199,0.0,1199,650,549,N
ORD-2626,2025-08-16,2025-08-20,C081,Arjun Iyer,Consumer,South,Bengaluru,Home,Kitchen,P009,Coffee Maker,1,2999,0.05,2849,2000,849,N
ORD-2627,2025-08-17,2025-08-18,C098,Kavya Bhatt,Home Office,North,Delhi,Electronics,Audio,P018,Noise-Cancelling Headphones,1,7999,0.05,7599,5600,1999,N
ORD-2628,2025-08-17,2025-08-24,C172,Pankaj Kapoor,Home Office,South,Bengaluru,Furniture,Storage,P037,Shoe Rack,1,2499,0.4,1499,1700,-201,N
ORD-2629,2025-08-17,2025-08-23,C036,Shreya Nair,Consumer,North,Delhi,Electronics,Accessories,P003,Power Bank,2,1499,0.0,2998,1800,1198,N
ORD-2630,2025-08-17,2025-08-24,C031,Manoj Bose,Consumer,West,Ahmedabad,Furniture,Tables,P034,Study Table,3,6499,0.3,13648,15000,-1352,N
ORD-2631,2025-08-17,2025-08-23,C041,Naveen Kumar,Corporate,West,Mumbai,Beauty,Haircare,P028,Shampoo and Conditioner,2,749,0.1,1348,700,648,N
ORD-2632,2025-08-17,2025-08-18,C166,Suresh Nair,Home Office,North,Delhi,Home,Bedding,P008,Cotton Bedsheet,2,1299,0.05,2468,1400,1068,N
ORD-2633,2025-08-18,2025-08-21,C100,Naveen Shah,Corporate,West,Mumbai,Electronics,Accessories,P019,Webcam HD,2,2199,0.0,4398,2800,1598,N
ORD-2634,2025-08-19,2025-08-23,C150,Meera Gupta,Home Office,West,Mumbai,Apparel,Footwear,P020,Running Shoes,4,3299,0.4,7918,7600,318,N
ORD-2635,2025-08-19,2025-08-23,C006,Kunal Bose,Consumer,East,Kolkata,Electronics,Audio,P004,Bluetooth Speaker,1,3299,0.1,2969,2100,869,N
ORD-2636,2025-08-20,2025-08-23,C166,Suresh Nair,Home Office,North,Delhi,Beauty,Haircare,P028,Shampoo and Conditioner,3,749,0.15,1910,1050,860,N
ORD-2637,2025-08-20,2025-08-26,C083,Sneha Rao,Consumer,North,Delhi,Apparel,Footwear,P020,Running Shoes,2,3299,0.5,3299,3800,-501,N
ORD-2638,2025-08-20,2025-08-21,C036,Shreya Nair,Consumer,North,Delhi,Stationery,Writing,P014,Gel Pens Pack,3,199,0.1,537,270,267,Y
ORD-2639,2025-08-20,2025-08-26,C062,Neha Gupta,Consumer,West,Pune,Beauty,Fragrance,P012,Perfume,2,1599,0.2,2558,1500,1058,N
ORD-2640,2025-08-21,2025-08-27,C075,Vikram Joshi,Consumer,West,Mumbai,Home,Kitchen,P009,Coffee Maker,3,2999,0.2,7198,6000,1198,N
ORD-2641,2025-08-21,2025-08-28,C166,Suresh Nair,Home Office,North,Delhi,Stationery,Paper,P013,Notebook,1,149,0.05,142,70,72,N
ORD-2642,2025-08-21,2025-08-24,C057,Nikhil Rao,Corporate,West,Mumbai,Home,Decor,P025,Cushion Cover Set,1,699,0.1,629,320,309,N
ORD-2643,2025-08-22,2025-08-25,C146,Ramesh Kapoor,Consumer,West,Pune,Furniture,Tables,P034,Study Table,1,6499,0.2,5199,5000,199,N
ORD-2644,2025-08-22,2025-08-27,C220,Varun Singh,Corporate,East,Kolkata,Electronics,Accessories,P016,Wireless Mouse,3,899,0.0,2697,1440,1257,N
ORD-2645,2025-08-22,2025-08-28,C081,Arjun Iyer,Consumer,South,Bengaluru,Home,Decor,P025,Cushion Cover Set,2,699,0.0,1398,640,758,N
ORD-2646,2025-08-22,2025-08-28,C170,Arjun Verma,Consumer,South,Chennai,Stationery,Paper,P013,Notebook,2,149,0.05,283,140,143,N
ORD-2647,2025-08-24,2025-08-26,C017,Manoj Saxena,Home Office,South,Bengaluru,Electronics,Accessories,P017,Mechanical Keyboard,1,3499,0.05,3324,2200,1124,N
ORD-2648,2025-08-24,2025-08-25,C070,Manoj Kumar,Consumer,North,Delhi,Electronics,Accessories,P017,Mechanical Keyboard,4,3499,0.05,13296,8800,4496,N
ORD-2649,2025-08-24,2025-08-31,C128,Tanvi Singh,Home Office,West,Mumbai,Beauty,Fragrance,P012,Perfume,1,1599,0.15,1359,750,609,N
ORD-2650,2025-08-25,2025-08-31,C212,Karan Das,Home Office,South,Hyderabad,Stationery,Paper,P013,Notebook,4,149,0.0,596,280,316,N
ORD-2651,2025-08-25,2025-08-27,C057,Nikhil Rao,Corporate,West,Mumbai,Beauty,Makeup,P027,Lip Balm Set,1,399,0.2,319,160,159,N
ORD-2652,2025-08-25,2025-09-01,C139,Ramesh Nair,Consumer,West,Pune,Beauty,Haircare,P028,Shampoo and Conditioner,1,749,0.0,749,350,399,N
ORD-2653,2025-08-26,2025-08-31,C113,Sanjay Malhotra,Consumer,West,Pune,Furniture,Storage,P037,Shoe Rack,2,2499,0.4,2999,3400,-401,N
ORD-2654,2025-08-26,2025-09-02,C097,Aarav Shah,Consumer,North,Delhi,Apparel,Topwear,P007,Hoodie,3,1799,0.2,4318,2850,1468,N
ORD-2655,2025-08-26,2025-08-30,C060,Divya Mehta,Consumer,South,Hyderabad,Beauty,Makeup,P027,Lip Balm Set,1,399,0.0,399,160,239,N
ORD-2656,2025-08-27,2025-09-03,C207,Shreya Sharma,Consumer,West,Mumbai,Home,Kitchen,P009,Coffee Maker,1,2999,0.1,2699,2000,699,N
ORD-2657,2025-08-27,2025-08-29,C163,Kavya Das,Corporate,West,Pune,Electronics,Audio,P018,Noise-Cancelling Headphones,1,7999,0.0,7999,5600,2399,N
ORD-2658,2025-08-27,2025-08-30,C071,Priya Shah,Consumer,South,Bengaluru,Beauty,Haircare,P028,Shampoo and Conditioner,2,749,0.15,1273,700,573,N
ORD-2659,2025-08-27,2025-09-01,C129,Mohit Kumar,Consumer,West,Mumbai,Furniture,Storage,P037,Shoe Rack,1,2499,0.1,2249,1700,549,N
ORD-2660,2025-08-28,2025-08-31,C012,Suresh Desai,Home Office,South,Bengaluru,Furniture,Tables,P038,Bedside Table,2,3499,0.4,4199,5000,-801,N
ORD-2661,2025-08-28,2025-08-29,C145,Kunal Rao,Corporate,West,Pune,Furniture,Tables,P034,Study Table,1,6499,0.1,5849,5000,849,N
ORD-2662,2025-08-28,2025-08-30,C167,Sneha Pillai,Corporate,West,Mumbai,Electronics,Accessories,P016,Wireless Mouse,1,899,0.1,809,480,329,N
ORD-2663,2025-08-28,2025-09-03,C069,Vivaan Menon,Corporate,South,Chennai,Home,Decor,P025,Cushion Cover Set,3,699,0.1,1887,960,927,N
ORD-2664,2025-08-28,2025-09-02,C203,Zoya Rao,Consumer,South,Hyderabad,Home,Kitchen,P009,Coffee Maker,1,2999,0.1,2699,2000,699,N
ORD-2665,2025-08-28,2025-08-30,C155,Deepak Patel,Consumer,North,Delhi,Electronics,Accessories,P019,Webcam HD,1,2199,0.1,1979,1400,579,N
ORD-2666,2025-08-28,2025-08-29,C035,Nikhil Shah,Home Office,North,Delhi,Beauty,Makeup,P027,Lip Balm Set,2,399,0.15,678,320,358,N
ORD-2667,2025-08-29,2025-09-02,C097,Aarav Shah,Consumer,North,Delhi,Beauty,Makeup,P027,Lip Balm Set,2,399,0.0,798,320,478,N
ORD-2668,2025-08-29,2025-08-31,C139,Ramesh Nair,Consumer,West,Pune,Home,Decor,P026,Wall Clock,1,1199,0.0,1199,650,549,N
ORD-2669,2025-08-29,2025-08-30,C054,Sneha Mehta,Consumer,West,Mumbai,Electronics,Audio,P018,Noise-Cancelling Headphones,1,7999,0.0,7999,5600,2399,N
ORD-2670,2025-08-29,2025-09-04,C061,Sahil Patel,Consumer,South,Chennai,Home,Kitchen,P024,Air Fryer,1,5499,0.0,5499,3900,1599,N
ORD-2671,2025-08-30,2025-08-31,C194,Harsh Singh,Home Office,North,Delhi,Home,Decor,P025,Cushion Cover Set,1,699,0.2,559,320,239,N
ORD-2672,2025-08-30,2025-09-06,C174,Deepak Kumar,Corporate,West,Ahmedabad,Electronics,Audio,P018,Noise-Cancelling Headphones,2,7999,0.0,15998,11200,4798,N
ORD-2673,2025-08-31,2025-09-06,C162,Sahil Singh,Consumer,West,Mumbai,Stationery,Desk,P032,Whiteboard,2,1299,0.0,2598,1560,1038,N
ORD-2674,2025-08-31,2025-09-02,C112,Riya Chopra,Corporate,South,Hyderabad,Home,Kitchen,P009,Coffee Maker,2,2999,0.1,5398,4000,1398,Y
ORD-2675,2025-09-01,2025-09-06,C140,Pooja Desai,Consumer,West,Pune,Furniture,Seating,P033,Office Chair,1,8999,0.2,7199,6800,399,N
ORD-2676,2025-09-01,2025-09-08,C024,Rajat Bhatt,Consumer,South,Chennai,Beauty,Haircare,P028,Shampoo and Conditioner,1,749,0.3,524,350,174,N
ORD-2677,2025-09-01,2025-09-04,C113,Sanjay Malhotra,Consumer,West,Pune,Beauty,Makeup,P027,Lip Balm Set,1,399,0.1,359,160,199,Y
ORD-2678,2025-09-02,2025-09-09,C084,Meera Chopra,Corporate,East,Kolkata,Apparel,Bottomwear,P006,Denim Jeans,3,1999,0.1,5397,3150,2247,Y
ORD-2679,2025-09-02,2025-09-07,C157,Aarav Bhatt,Corporate,South,Bengaluru,Apparel,Bottomwear,P023,Yoga Pants,2,1199,0.5,1199,1200,-1,N
ORD-2680,2025-09-03,2025-09-08,C037,Naveen Malhotra,Home Office,South,Bengaluru,Stationery,Writing,P014,Gel Pens Pack,1,199,0.1,179,90,89,N
ORD-2681,2025-09-03,2025-09-05,C197,Meera Nair,Corporate,East,Kolkata,Home,Kitchen,P009,Coffee Maker,1,2999,0.1,2699,2000,699,N
ORD-2682,2025-09-03,2025-09-05,C084,Meera Chopra,Corporate,East,Kolkata,Beauty,Haircare,P028,Shampoo and Conditioner,1,749,0.15,637,350,287,N
ORD-2683,2025-09-04,2025-09-09,C057,Nikhil Rao,Corporate,West,Mumbai,Home,Kitchen,P009,Coffee Maker,2,2999,0.1,5398,4000,1398,N
ORD-2684,2025-09-04,2025-09-10,C138,Sneha Saxena,Consumer,West,Mumbai,Home,Decor,P025,Cushion Cover Set,1,699,0.1,629,320,309,N
ORD-2685,2025-09-04,2025-09-07,C077,Yash Das,Consumer,West,Pune,Electronics,Accessories,P017,Mechanical Keyboard,1,3499,0.2,2799,2200,599,N
ORD-2686,2025-09-04,2025-09-07,C095,Pooja Kapoor,Consumer,West,Pune,Apparel,Footwear,P020,Running Shoes,2,3299,0.1,5938,3800,2138,N
ORD-2687,2025-09-05,2025-09-10,C106,Vivaan Kumar,Consumer,West,Pune,Beauty,Skincare,P011,Face Serum,1,899,0.1,809,380,429,N
ORD-2688,2025-09-05,2025-09-12,C082,Rohan Nair,Consumer,West,Mumbai,Apparel,Footwear,P020,Running Shoes,1,3299,0.3,2309,1900,409,N
ORD-2689,2025-09-06,2025-09-13,C064,Amit Singh,Corporate,West,Pune,Electronics,Audio,P018,Noise-Cancelling Headphones,2,7999,0.05,15198,11200,3998,N
ORD-2690,2025-09-06,2025-09-09,C085,Vivaan Jain,Home Office,South,Bengaluru,Beauty,Skincare,P011,Face Serum,1,899,0.0,899,380,519,N
ORD-2691,2025-09-06,2025-09-11,C162,Sahil Singh,Consumer,West,Mumbai,Beauty,Makeup,P027,Lip Balm Set,1,399,0.1,359,160,199,N
ORD-2692,2025-09-06,2025-09-07,C020,Rahul Pillai,Corporate,West,Mumbai,Electronics,Accessories,P016,Wireless Mouse,3,899,0.0,2697,1440,1257,N
ORD-2693,2025-09-07,2025-09-08,C087,Isha Bhatt,Consumer,North,Delhi,Apparel,Bottomwear,P006,Denim Jeans,2,1999,0.2,3198,2100,1098,Y
ORD-2694,2025-09-07,2025-09-13,C084,Meera Chopra,Corporate,East,Kolkata,Home,Decor,P010,Table Lamp,1,999,0.0,999,520,479,N
ORD-2695,2025-09-07,2025-09-12,C180,Divya Verma,Corporate,North,Delhi,Furniture,Storage,P037,Shoe Rack,1,2499,0.4,1499,1700,-201,N
ORD-2696,2025-09-07,2025-09-08,C057,Nikhil Rao,Corporate,West,Mumbai,Home,Bedding,P008,Cotton Bedsheet,2,1299,0.1,2338,1400,938,N
ORD-2697,2025-09-07,2025-09-08,C102,Kunal Gupta,Consumer,West,Mumbai,Furniture,Tables,P034,Study Table,2,6499,0.3,9099,10000,-901,N
ORD-2698,2025-09-08,2025-09-09,C043,Vivaan Das,Corporate,North,Delhi,Home,Decor,P025,Cushion Cover Set,1,699,0.1,629,320,309,N
ORD-2699,2025-09-08,2025-09-09,C142,Meera Menon,Consumer,South,Chennai,Electronics,Audio,P004,Bluetooth Speaker,2,3299,0.1,5938,4200,1738,N
ORD-2700,2025-09-09,2025-09-14,C200,Aditya Joshi,Consumer,North,Delhi,Furniture,Tables,P038,Bedside Table,2,3499,0.2,5598,5000,598,N
ORD-2701,2025-09-09,2025-09-15,C157,Aarav Bhatt,Corporate,South,Bengaluru,Electronics,Audio,P018,Noise-Cancelling Headphones,1,7999,0.0,7999,5600,2399,N
ORD-2702,2025-09-09,2025-09-15,C025,Zoya Kulkarni,Corporate,West,Mumbai,Home,Kitchen,P009,Coffee Maker,1,2999,0.05,2849,2000,849,N
ORD-2703,2025-09-09,2025-09-13,C047,Arjun Kulkarni,Consumer,North,Delhi,Electronics,Audio,P018,Noise-Cancelling Headphones,1,7999,0.0,7999,5600,2399,N
ORD-2704,2025-09-10,2025-09-16,C180,Divya Verma,Corporate,North,Delhi,Electronics,Accessories,P016,Wireless Mouse,1,899,0.0,899,480,419,N
ORD-2705,2025-09-10,2025-09-16,C064,Amit Singh,Corporate,West,Pune,Electronics,Audio,P018,Noise-Cancelling Headphones,1,7999,0.1,7199,5600,1599,N
ORD-2706,2025-09-10,2025-09-11,C017,Manoj Saxena,Home Office,South,Bengaluru,Apparel,Topwear,P007,Hoodie,3,1799,0.3,3778,2850,928,Y
ORD-2707,2025-09-11,2025-09-17,C106,Vivaan Kumar,Consumer,West,Pune,Home,Decor,P026,Wall Clock,1,1199,0.1,1079,650,429,N
ORD-2708,2025-09-11,2025-09-13,C188,Zoya Desai,Home Office,North,Delhi,Electronics,Accessories,P019,Webcam HD,4,2199,0.05,8356,5600,2756,N
ORD-2709,2025-09-11,2025-09-14,C186,Ananya Shah,Corporate,North,Delhi,Electronics,Audio,P018,Noise-Cancelling Headphones,3,7999,0.15,20397,16800,3597,N
ORD-2710,2025-09-12,2025-09-14,C129,Mohit Kumar,Consumer,West,Mumbai,Beauty,Fragrance,P012,Perfume,2,1599,0.3,2239,1500,739,N
ORD-2711,2025-09-13,2025-09-18,C138,Sneha Saxena,Consumer,West,Mumbai,Beauty,Makeup,P027,Lip Balm Set,2,399,0.1,718,320,398,N
ORD-2712,2025-09-13,2025-09-17,C112,Riya Chopra,Corporate,South,Hyderabad,Home,Decor,P010,Table Lamp,1,999,0.05,949,520,429,N
ORD-2713,2025-09-13,2025-09-20,C025,Zoya Kulkarni,Corporate,West,Mumbai,Beauty,Fragrance,P012,Perfume,2,1599,0.0,3198,1500,1698,N
ORD-2714,2025-09-13,2025-09-15,C104,Isha Gupta,Consumer,West,Mumbai,Electronics,Accessories,P019,Webcam HD,2,2199,0.05,4178,2800,1378,Y
ORD-2715,2025-09-14,2025-09-20,C014,Rahul Jain,Consumer,South,Bengaluru,Home,Decor,P025,Cushion Cover Set,1,699,0.05,664,320,344,N
ORD-2716,2025-09-14,2025-09-15,C136,Varun Menon,Consumer,North,Delhi,Furniture,Storage,P037,Shoe Rack,2,2499,0.3,3499,3400,99,N
ORD-2717,2025-09-14,2025-09-16,C064,Amit Singh,Corporate,West,Pune,Home,Decor,P025,Cushion Cover Set,1,699,0.1,629,320,309,N
ORD-2718,2025-09-14,2025-09-15,C188,Zoya Desai,Home Office,North,Delhi,Beauty,Makeup,P027,Lip Balm Set,4,399,0.15,1357,640,717,N
ORD-2719,2025-09-14,2025-09-21,C214,Isha Nair,Consumer,West,Pune,Beauty,Skincare,P029,Sunscreen SPF 50,1,599,0.1,539,270,269,N
ORD-2720,2025-09-14,2025-09-17,C071,Priya Shah,Consumer,South,Bengaluru,Beauty,Skincare,P029,Sunscreen SPF 50,3,599,0.15,1527,810,717,N
ORD-2721,2025-09-15,2025-09-20,C169,Priya Bose,Home Office,West,Mumbai,Home,Bedding,P008,Cotton Bedsheet,4,1299,0.2,4157,2800,1357,N
ORD-2722,2025-09-15,2025-09-21,C130,Rajat Gupta,Consumer,South,Chennai,Home,Bedding,P008,Cotton Bedsheet,1,1299,0.05,1234,700,534,N
ORD-2723,2025-09-16,2025-09-23,C114,Mohit Malhotra,Corporate,South,Bengaluru,Apparel,Bottomwear,P006,Denim Jeans,1,1999,0.5,1000,1050,-50,N
ORD-2724,2025-09-16,2025-09-17,C010,Zoya Das,Home Office,South,Hyderabad,Electronics,Accessories,P019,Webcam HD,2,2199,0.0,4398,2800,1598,N
ORD-2725,2025-09-16,2025-09-21,C201,Sneha Malhotra,Consumer,West,Mumbai,Beauty,Haircare,P028,Shampoo and Conditioner,4,749,0.0,2996,1400,1596,N
ORD-2726,2025-09-16,2025-09-21,C162,Sahil Singh,Consumer,West,Mumbai,Stationery,Writing,P014,Gel Pens Pack,2,199,0.0,398,180,218,N
ORD-2727,2025-09-16,2025-09-19,C154,Priya Menon,Corporate,South,Chennai,Electronics,Accessories,P016,Wireless Mouse,1,899,0.1,809,480,329,N
ORD-2728,2025-09-16,2025-09-17,C213,Deepak Singh,Consumer,North,Delhi,Furniture,Seating,P033,Office Chair,5,8999,0.1,40496,34000,6496,N
ORD-2729,2025-09-17,2025-09-22,C081,Arjun Iyer,Consumer,South,Bengaluru,Apparel,Footwear,P020,Running Shoes,3,3299,0.3,6928,5700,1228,N
ORD-2730,2025-09-17,2025-09-20,C032,Tanvi Kumar,Consumer,South,Bengaluru,Beauty,Haircare,P028,Shampoo and Conditioner,1,749,0.0,749,350,399,N
ORD-2731,2025-09-17,2025-09-23,C218,Rajat Mehta,Consumer,West,Pune,Beauty,Makeup,P027,Lip Balm Set,1,399,0.1,359,160,199,N
ORD-2732,2025-09-18,2025-09-24,C041,Naveen Kumar,Corporate,West,Mumbai,Apparel,Outerwear,P022,Winter Jacket,2,3999,0.3,5599,4800,799,N
ORD-2733,2025-09-18,2025-09-22,C085,Vivaan Jain,Home Office,South,Bengaluru,Stationery,Desk,P032,Whiteboard,1,1299,0.0,1299,780,519,N
ORD-2734,2025-09-18,2025-09-23,C073,Nikhil Nair,Corporate,West,Mumbai,Beauty,Skincare,P029,Sunscreen SPF 50,5,599,0.15,2546,1350,1196,N
ORD-2735,2025-09-18,2025-09-21,C048,Riya Kumar,Corporate,South,Chennai,Stationery,Writing,P014,Gel Pens Pack,2,199,0.0,398,180,218,N
ORD-2736,2025-09-18,2025-09-21,C095,Pooja Kapoor,Consumer,West,Pune,Apparel,Bottomwear,P006,Denim Jeans,1,1999,0.0,1999,1050,949,N
ORD-2737,2025-09-18,2025-09-22,C104,Isha Gupta,Consumer,West,Mumbai,Furniture,Tables,P034,Study Table,2,6499,0.4,7799,10000,-2201,N
ORD-2738,2025-09-19,2025-09-25,C013,Suresh Malhotra,Consumer,South,Bengaluru,Home,Bedding,P008,Cotton Bedsheet,1,1299,0.2,1039,700,339,N
ORD-2739,2025-09-19,2025-09-24,C110,Kavya Shah,Consumer,South,Chennai,Home,Decor,P010,Table Lamp,1,999,0.05,949,520,429,N
ORD-2740,2025-09-19,2025-09-21,C071,Priya Shah,Consumer,South,Bengaluru,Furniture,Storage,P037,Shoe Rack,3,2499,0.1,6747,5100,1647,N
ORD-2741,2025-09-19,2025-09-22,C069,Vivaan Menon,Corporate,South,Chennai,Apparel,Topwear,P021,Formal Shirt,1,1499,0.1,1349,750,599,N
ORD-2742,2025-09-20,2025-09-23,C189,Arjun Kumar,Consumer,South,Bengaluru,Beauty,Skincare,P029,Sunscreen SPF 50,3,599,0.15,1527,810,717,N
ORD-2743,2025-09-20,2025-09-22,C171,Yash Singh,Corporate,South,Chennai,Beauty,Skincare,P029,Sunscreen SPF 50,1,599,0.0,599,270,329,N
ORD-2744,2025-09-20,2025-09-22,C057,Nikhil Rao,Corporate,West,Mumbai,Beauty,Makeup,P027,Lip Balm Set,1,399,0.0,399,160,239,N
ORD-2745,2025-09-20,2025-09-27,C049,Mohit Nair,Consumer,South,Bengaluru,Apparel,Footwear,P020,Running Shoes,1,3299,0.2,2639,1900,739,N
ORD-2746,2025-09-20,2025-09-26,C194,Harsh Singh,Home Office,North,Delhi,Apparel,Outerwear,P022,Winter Jacket,2,3999,0.0,7998,4800,3198,N
ORD-2747,2025-09-21,2025-09-22,C183,Amit Chopra,Consumer,West,Mumbai,Electronics,Accessories,P003,Power Bank,2,1499,0.1,2698,1800,898,N
ORD-2748,2025-09-21,2025-09-24,C162,Sahil Singh,Consumer,West,Mumbai,Home,Decor,P010,Table Lamp,1,999,0.1,899,520,379,N
ORD-2749,2025-09-21,2025-09-28,C146,Ramesh Kapoor,Consumer,West,Pune,Beauty,Haircare,P028,Shampoo and Conditioner,2,749,0.15,1273,700,573,N
ORD-2750,2025-09-22,2025-09-28,C139,Ramesh Nair,Consumer,West,Pune,Electronics,Wearables,P002,Smart Watch,1,5999,0.1,5399,4300,1099,N
ORD-2751,2025-09-22,2025-09-28,C110,Kavya Shah,Consumer,South,Chennai,Beauty,Fragrance,P012,Perfume,2,1599,0.1,2878,1500,1378,N
ORD-2752,2025-09-22,2025-09-24,C075,Vikram Joshi,Consumer,West,Mumbai,Apparel,Footwear,P020,Running Shoes,3,3299,0.2,7918,5700,2218,N
ORD-2753,2025-09-22,2025-09-27,C035,Nikhil Shah,Home Office,North,Delhi,Apparel,Topwear,P007,Hoodie,3,1799,0.4,3238,2850,388,N
ORD-2754,2025-09-23,2025-09-25,C020,Rahul Pillai,Corporate,West,Mumbai,Electronics,Audio,P004,Bluetooth Speaker,2,3299,0.0,6598,4200,2398,N
ORD-2755,2025-09-23,2025-09-29,C215,Naveen Rao,Corporate,South,Hyderabad,Furniture,Storage,P035,Bookshelf,1,5999,0.3,4199,4600,-401,N
ORD-2756,2025-09-23,2025-09-30,C029,Rajat Patel,Corporate,South,Bengaluru,Apparel,Bottomwear,P006,Denim Jeans,1,1999,0.4,1199,1050,149,N
ORD-2757,2025-09-25,2025-09-29,C045,Vivaan Bose,Consumer,South,Bengaluru,Beauty,Skincare,P029,Sunscreen SPF 50,1,599,0.15,509,270,239,N
ORD-2758,2025-09-26,2025-10-01,C018,Riya Pillai,Home Office,West,Mumbai,Home,Decor,P026,Wall Clock,2,1199,0.0,2398,1300,1098,N
ORD-2759,2025-09-26,2025-09-29,C012,Suresh Desai,Home Office,South,Bengaluru,Home,Decor,P010,Table Lamp,3,999,0.2,2398,1560,838,N
ORD-2760,2025-09-27,2025-10-04,C096,Karan Desai,Consumer,South,Chennai,Stationery,Writing,P014,Gel Pens Pack,4,199,0.0,796,360,436,N
ORD-2761,2025-09-27,2025-09-29,C025,Zoya Kulkarni,Corporate,West,Mumbai,Electronics,Audio,P018,Noise-Cancelling Headphones,2,7999,0.05,15198,11200,3998,N
ORD-2762,2025-09-27,2025-10-02,C169,Priya Bose,Home Office,West,Mumbai,Electronics,Accessories,P019,Webcam HD,2,2199,0.2,3518,2800,718,N
ORD-2763,2025-09-28,2025-10-03,C045,Vivaan Bose,Consumer,South,Bengaluru,Beauty,Haircare,P028,Shampoo and Conditioner,3,749,0.1,2022,1050,972,N
ORD-2764,2025-09-28,2025-10-01,C113,Sanjay Malhotra,Consumer,West,Pune,Beauty,Skincare,P029,Sunscreen SPF 50,1,599,0.1,539,270,269,Y
ORD-2765,2025-09-28,2025-09-30,C153,Meera Malhotra,Consumer,North,Delhi,Beauty,Fragrance,P012,Perfume,2,1599,0.0,3198,1500,1698,N
ORD-2766,2025-09-29,2025-10-02,C041,Naveen Kumar,Corporate,West,Mumbai,Home,Decor,P025,Cushion Cover Set,1,699,0.0,699,320,379,N
ORD-2767,2025-09-29,2025-10-05,C025,Zoya Kulkarni,Corporate,West,Mumbai,Furniture,Storage,P037,Shoe Rack,4,2499,0.1,8996,6800,2196,N
ORD-2768,2025-09-30,2025-10-05,C169,Priya Bose,Home Office,West,Mumbai,Beauty,Skincare,P011,Face Serum,1,899,0.15,764,380,384,N
ORD-2769,2025-09-30,2025-10-05,C062,Neha Gupta,Consumer,West,Pune,Electronics,Accessories,P016,Wireless Mouse,2,899,0.05,1708,960,748,Y
ORD-2770,2025-09-30,2025-10-04,C003,Anjali Kulkarni,Corporate,East,Kolkata,Stationery,Writing,P014,Gel Pens Pack,4,199,0.05,756,360,396,N
ORD-2771,2025-09-30,2025-10-06,C130,Rajat Gupta,Consumer,South,Chennai,Electronics,Audio,P018,Noise-Cancelling Headphones,2,7999,0.0,15998,11200,4798,N
ORD-2772,2025-10-01,2025-10-07,C167,Sneha Pillai,Corporate,West,Mumbai,Home,Bedding,P008,Cotton Bedsheet,1,1299,0.3,909,700,209,N
ORD-2773,2025-10-01,2025-10-03,C146,Ramesh Kapoor,Consumer,West,Pune,Apparel,Bottomwear,P006,Denim Jeans,1,1999,0.3,1399,1050,349,N
ORD-2774,2025-10-01,2025-10-07,C137,Priya Verma,Consumer,South,Bengaluru,Electronics,Accessories,P019,Webcam HD,2,2199,0.1,3958,2800,1158,N
ORD-2775,2025-10-01,2025-10-03,C217,Sanjay Verma,Corporate,South,Bengaluru,Electronics,Audio,P018,Noise-Cancelling Headphones,2,7999,0.05,15198,11200,3998,N
ORD-2776,2025-10-01,2025-10-05,C067,Kunal Singh,Corporate,East,Kolkata,Electronics,Accessories,P017,Mechanical Keyboard,1,3499,0.15,2974,2200,774,N
ORD-2777,2025-10-02,2025-10-08,C113,Sanjay Malhotra,Consumer,West,Pune,Electronics,Accessories,P003,Power Bank,1,1499,0.05,1424,900,524,N
ORD-2778,2025-10-02,2025-10-09,C153,Meera Malhotra,Consumer,North,Delhi,Electronics,Accessories,P016,Wireless Mouse,2,899,0.0,1798,960,838,N
ORD-2779,2025-10-02,2025-10-07,C054,Sneha Mehta,Consumer,West,Mumbai,Home,Kitchen,P009,Coffee Maker,5,2999,0.05,14245,10000,4245,N
ORD-2780,2025-10-02,2025-10-04,C072,Aditya Gupta,Consumer,North,Delhi,Apparel,Outerwear,P022,Winter Jacket,1,3999,0.0,3999,2400,1599,Y
ORD-2781,2025-10-03,2025-10-08,C210,Sahil Desai,Home Office,South,Bengaluru,Home,Bedding,P008,Cotton Bedsheet,3,1299,0.05,3702,2100,1602,Y
ORD-2782,2025-10-03,2025-10-06,C045,Vivaan Bose,Consumer,South,Bengaluru,Apparel,Footwear,P020,Running Shoes,1,3299,0.0,3299,1900,1399,N
ORD-2783,2025-10-03,2025-10-08,C184,Vivaan Rao,Consumer,North,Delhi,Beauty,Haircare,P028,Shampoo and Conditioner,3,749,0.1,2022,1050,972,N
ORD-2784,2025-10-03,2025-10-09,C200,Aditya Joshi,Consumer,North,Delhi,Stationery,Paper,P013,Notebook,1,149,0.05,142,70,72,Y
ORD-2785,2025-10-03,2025-10-10,C021,Rajat Reddy,Consumer,West,Mumbai,Stationery,Desk,P032,Whiteboard,5,1299,0.05,6170,3900,2270,N
ORD-2786,2025-10-04,2025-10-10,C085,Vivaan Jain,Home Office,South,Bengaluru,Beauty,Haircare,P028,Shampoo and Conditioner,2,749,0.0,1498,700,798,N
ORD-2787,2025-10-04,2025-10-06,C120,Anjali Patel,Consumer,North,Delhi,Furniture,Storage,P037,Shoe Rack,1,2499,0.4,1499,1700,-201,N
ORD-2788,2025-10-04,2025-10-10,C173,Isha Desai,Consumer,South,Hyderabad,Electronics,Accessories,P003,Power Bank,1,1499,0.1,1349,900,449,N
ORD-2789,2025-10-04,2025-10-06,C064,Amit Singh,Corporate,West,Pune,Home,Kitchen,P024,Air Fryer,2,5499,0.1,9898,7800,2098,N
ORD-2790,2025-10-04,2025-10-06,C112,Riya Chopra,Corporate,South,Hyderabad,Furniture,Seating,P033,Office Chair,1,8999,0.1,8099,6800,1299,N
ORD-2791,2025-10-05,2025-10-11,C138,Sneha Saxena,Consumer,West,Mumbai,Home,Decor,P025,Cushion Cover Set,1,699,0.0,699,320,379,N
ORD-2792,2025-10-05,2025-10-06,C022,Gaurav Saxena,Consumer,West,Mumbai,Electronics,Audio,P018,Noise-Cancelling Headphones,1,7999,0.15,6799,5600,1199,N
ORD-2793,2025-10-05,2025-10-11,C116,Meera Joshi,Consumer,North,Delhi,Electronics,Audio,P004,Bluetooth Speaker,1,3299,0.05,3134,2100,1034,N
ORD-2794,2025-10-05,2025-10-07,C153,Meera Malhotra,Consumer,North,Delhi,Apparel,Topwear,P005,Cotton T-Shirt,2,799,0.1,1438,760,678,N
ORD-2795,2025-10-05,2025-10-10,C216,Isha Reddy,Consumer,South,Hyderabad,Stationery,Paper,P013,Notebook,2,149,0.0,298,140,158,N
ORD-2796,2025-10-05,2025-10-06,C186,Ananya Shah,Corporate,North,Delhi,Furniture,Storage,P035,Bookshelf,1,5999,0.2,4799,4600,199,N
ORD-2797,2025-10-06,2025-10-11,C097,Aarav Shah,Consumer,North,Delhi,Beauty,Makeup,P027,Lip Balm Set,1,399,0.1,359,160,199,N
ORD-2798,2025-10-06,2025-10-09,C194,Harsh Singh,Home Office,North,Delhi,Electronics,Audio,P018,Noise-Cancelling Headphones,1,7999,0.2,6399,5600,799,N
ORD-2799,2025-10-06,2025-10-10,C194,Harsh Singh,Home Office,North,Delhi,Furniture,Storage,P035,Bookshelf,1,5999,0.2,4799,4600,199,N
ORD-2800,2025-10-07,2025-10-14,C129,Mohit Kumar,Consumer,West,Mumbai,Electronics,Accessories,P017,Mechanical Keyboard,2,3499,0.05,6648,4400,2248,N
ORD-2801,2025-10-07,2025-10-11,C079,Sahil Saxena,Corporate,North,Delhi,Stationery,Desk,P030,Stapler Set,1,249,0.1,224,120,104,N
ORD-2802,2025-10-07,2025-10-09,C012,Suresh Desai,Home Office,South,Bengaluru,Stationery,Paper,P013,Notebook,2,149,0.0,298,140,158,N
ORD-2803,2025-10-08,2025-10-13,C065,Aditya Shah,Consumer,South,Hyderabad,Electronics,Wearables,P002,Smart Watch,4,5999,0.05,22796,17200,5596,N
ORD-2804,2025-10-08,2025-10-11,C025,Zoya Kulkarni,Corporate,West,Mumbai,Electronics,Audio,P004,Bluetooth Speaker,3,3299,0.0,9897,6300,3597,N
ORD-2805,2025-10-09,2025-10-14,C165,Tarun Bhatt,Corporate,South,Chennai,Stationery,Writing,P014,Gel Pens Pack,2,199,0.0,398,180,218,N
ORD-2806,2025-10-09,2025-10-13,C066,Arjun Kapoor,Consumer,West,Mumbai,Electronics,Accessories,P019,Webcam HD,2,2199,0.05,4178,2800,1378,N
ORD-2807,2025-10-09,2025-10-10,C071,Priya Shah,Consumer,South,Bengaluru,Home,Decor,P010,Table Lamp,1,999,0.1,899,520,379,N
ORD-2808,2025-10-09,2025-10-16,C178,Gaurav Pillai,Home Office,South,Bengaluru,Apparel,Footwear,P020,Running Shoes,1,3299,0.5,1650,1900,-250,N
ORD-2809,2025-10-09,2025-10-12,C058,Tarun Kapoor,Consumer,North,Delhi,Apparel,Bottomwear,P006,Denim Jeans,1,1999,0.0,1999,1050,949,N
ORD-2810,2025-10-10,2025-10-12,C017,Manoj Saxena,Home Office,South,Bengaluru,Beauty,Skincare,P029,Sunscreen SPF 50,3,599,0.2,1438,810,628,N
ORD-2811,2025-10-10,2025-10-16,C157,Aarav Bhatt,Corporate,South,Bengaluru,Home,Decor,P010,Table Lamp,1,999,0.0,999,520,479,N
ORD-2812,2025-10-10,2025-10-17,C041,Naveen Kumar,Corporate,West,Mumbai,Stationery,Paper,P013,Notebook,4,149,0.1,536,280,256,N
ORD-2813,2025-10-10,2025-10-11,C105,Kavya Singh,Consumer,West,Ahmedabad,Stationery,Paper,P013,Notebook,3,149,0.0,447,210,237,N
ORD-2814,2025-10-10,2025-10-16,C074,Deepak Sharma,Consumer,West,Ahmedabad,Apparel,Topwear,P007,Hoodie,3,1799,0.0,5397,2850,2547,N
ORD-2815,2025-10-10,2025-10-17,C009,Divya Sharma,Consumer,South,Chennai,Beauty,Makeup,P027,Lip Balm Set,3,399,0.0,1197,480,717,N
ORD-2816,2025-10-11,2025-10-13,C180,Divya Verma,Corporate,North,Delhi,Home,Decor,P025,Cushion Cover Set,1,699,0.0,699,320,379,N
ORD-2817,2025-10-11,2025-10-16,C088,Arjun Menon,Consumer,East,Kolkata,Beauty,Haircare,P028,Shampoo and Conditioner,1,749,0.0,749,350,399,N
ORD-2818,2025-10-11,2025-10-12,C118,Rahul Kumar,Consumer,East,Kolkata,Beauty,Makeup,P027,Lip Balm Set,2,399,0.15,678,320,358,N
ORD-2819,2025-10-11,2025-10-14,C180,Divya Verma,Corporate,North,Delhi,Electronics,Accessories,P016,Wireless Mouse,4,899,0.05,3416,1920,1496,N
ORD-2820,2025-10-11,2025-10-16,C118,Rahul Kumar,Consumer,East,Kolkata,Home,Kitchen,P009,Coffee Maker,1,2999,0.0,2999,2000,999,N
ORD-2821,2025-10-12,2025-10-14,C120,Anjali Patel,Consumer,North,Delhi,Home,Decor,P025,Cushion Cover Set,1,699,0.2,559,320,239,N
ORD-2822,2025-10-12,2025-10-17,C143,Rahul Rao,Consumer,South,Hyderabad,Furniture,Storage,P037,Shoe Rack,2,2499,0.2,3998,3400,598,N
ORD-2823,2025-10-12,2025-10-15,C019,Mohit Rao,Home Office,South,Bengaluru,Beauty,Haircare,P028,Shampoo and Conditioner,1,749,0.15,637,350,287,N
ORD-2824,2025-10-12,2025-10-13,C071,Priya Shah,Consumer,South,Bengaluru,Apparel,Outerwear,P022,Winter Jacket,3,3999,0.1,10797,7200,3597,N
ORD-2825,2025-10-12,2025-10-18,C150,Meera Gupta,Home Office,West,Mumbai,Stationery,Desk,P015,Desk Organizer,10,499,0.0,4990,2600,2390,N
ORD-2826,2025-10-13,2025-10-19,C162,Sahil Singh,Consumer,West,Mumbai,Home,Decor,P025,Cushion Cover Set,1,699,0.1,629,320,309,N
ORD-2827,2025-10-13,2025-10-14,C068,Varun Nair,Corporate,West,Mumbai,Apparel,Bottomwear,P006,Denim Jeans,3,1999,0.2,4798,3150,1648,N
ORD-2828,2025-10-13,2025-10-19,C051,Suresh Bhatt,Consumer,West,Mumbai,Apparel,Bottomwear,P006,Denim Jeans,2,1999,0.4,2399,2100,299,N
ORD-2829,2025-10-13,2025-10-20,C134,Pankaj Patel,Consumer,South,Chennai,Home,Kitchen,P009,Coffee Maker,2,2999,0.0,5998,4000,1998,N
ORD-2830,2025-10-13,2025-10-17,C110,Kavya Shah,Consumer,South,Chennai,Stationery,Writing,P014,Gel Pens Pack,4,199,0.05,756,360,396,N
ORD-2831,2025-10-13,2025-10-14,C105,Kavya Singh,Consumer,West,Ahmedabad,Furniture,Seating,P033,Office Chair,4,8999,0.2,28797,27200,1597,N
ORD-2832,2025-10-14,2025-10-15,C123,Harsh Menon,Consumer,East,Kolkata,Home,Decor,P010,Table Lamp,5,999,0.0,4995,2600,2395,N
ORD-2833,2025-10-14,2025-10-17,C035,Nikhil Shah,Home Office,North,Delhi,Stationery,Writing,P014,Gel Pens Pack,4,199,0.05,756,360,396,N
ORD-2834,2025-10-14,2025-10-20,C037,Naveen Malhotra,Home Office,South,Bengaluru,Electronics,Accessories,P016,Wireless Mouse,1,899,0.0,899,480,419,N
ORD-2835,2025-10-14,2025-10-20,C155,Deepak Patel,Consumer,North,Delhi,Apparel,Bottomwear,P006,Denim Jeans,1,1999,0.2,1599,1050,549,N
ORD-2836,2025-10-14,2025-10-18,C067,Kunal Singh,Corporate,East,Kolkata,Beauty,Skincare,P029,Sunscreen SPF 50,2,599,0.15,1018,540,478,N
ORD-2837,2025-10-14,2025-10-20,C063,Tanvi Gupta,Home Office,West,Pune,Furniture,Tables,P038,Bedside Table,2,3499,0.1,6298,5000,1298,N
ORD-2838,2025-10-15,2025-10-20,C165,Tarun Bhatt,Corporate,South,Chennai,Home,Bedding,P008,Cotton Bedsheet,1,1299,0.3,909,700,209,N
ORD-2839,2025-10-15,2025-10-19,C104,Isha Gupta,Consumer,West,Mumbai,Furniture,Storage,P037,Shoe Rack,4,2499,0.4,5998,6800,-802,N
ORD-2840,2025-10-15,2025-10-22,C114,Mohit Malhotra,Corporate,South,Bengaluru,Electronics,Audio,P018,Noise-Cancelling Headphones,1,7999,0.0,7999,5600,2399,N
ORD-2841,2025-10-15,2025-10-17,C008,Riya Bose,Home Office,West,Mumbai,Beauty,Skincare,P029,Sunscreen SPF 50,1,599,0.2,479,270,209,N
ORD-2842,2025-10-15,2025-10-16,C118,Rahul Kumar,Consumer,East,Kolkata,Beauty,Skincare,P029,Sunscreen SPF 50,2,599,0.15,1018,540,478,N
ORD-2843,2025-10-16,2025-10-18,C212,Karan Das,Home Office,South,Hyderabad,Beauty,Haircare,P028,Shampoo and Conditioner,3,749,0.1,2022,1050,972,N
ORD-2844,2025-10-16,2025-10-17,C166,Suresh Nair,Home Office,North,Delhi,Beauty,Makeup,P027,Lip Balm Set,2,399,0.1,718,320,398,N
ORD-2845,2025-10-16,2025-10-19,C035,Nikhil Shah,Home Office,North,Delhi,Beauty,Makeup,P027,Lip Balm Set,1,399,0.0,399,160,239,N
ORD-2846,2025-10-16,2025-10-19,C004,Manoj Nair,Consumer,West,Pune,Beauty,Makeup,P027,Lip Balm Set,2,399,0.0,798,320,478,N
ORD-2847,2025-10-17,2025-10-24,C109,Aarav Kulkarni,Home Office,South,Bengaluru,Electronics,Wearables,P002,Smart Watch,3,5999,0.2,14398,12900,1498,N
ORD-2848,2025-10-17,2025-10-19,C113,Sanjay Malhotra,Consumer,West,Pune,Apparel,Footwear,P020,Running Shoes,1,3299,0.4,1979,1900,79,N
ORD-2849,2025-10-17,2025-10-23,C181,Sneha Bose,Corporate,West,Ahmedabad,Home,Kitchen,P024,Air Fryer,5,5499,0.0,27495,19500,7995,N
ORD-2850,2025-10-17,2025-10-24,C041,Naveen Kumar,Corporate,West,Mumbai,Electronics,Audio,P018,Noise-Cancelling Headphones,3,7999,0.2,19198,16800,2398,N
ORD-2851,2025-10-17,2025-10-20,C014,Rahul Jain,Consumer,South,Bengaluru,Apparel,Footwear,P020,Running Shoes,1,3299,0.3,2309,1900,409,N
ORD-2852,2025-10-17,2025-10-18,C095,Pooja Kapoor,Consumer,West,Pune,Home,Kitchen,P009,Coffee Maker,1,2999,0.2,2399,2000,399,N
ORD-2853,2025-10-17,2025-10-20,C099,Ananya Bhatt,Consumer,South,Chennai,Apparel,Bottomwear,P006,Denim Jeans,3,1999,0.0,5997,3150,2847,N
ORD-2854,2025-10-18,2025-10-23,C012,Suresh Desai,Home Office,South,Bengaluru,Apparel,Footwear,P020,Running Shoes,1,3299,0.0,3299,1900,1399,Y
ORD-2855,2025-10-18,2025-10-22,C072,Aditya Gupta,Consumer,North,Delhi,Electronics,Accessories,P016,Wireless Mouse,1,899,0.0,899,480,419,N
ORD-2856,2025-10-18,2025-10-23,C172,Pankaj Kapoor,Home Office,South,Bengaluru,Home,Decor,P025,Cushion Cover Set,1,699,0.2,559,320,239,N
ORD-2857,2025-10-18,2025-10-20,C175,Divya Menon,Consumer,West,Mumbai,Electronics,Accessories,P019,Webcam HD,3,2199,0.05,6267,4200,2067,N
ORD-2858,2025-10-18,2025-10-20,C054,Sneha Mehta,Consumer,West,Mumbai,Apparel,Outerwear,P022,Winter Jacket,1,3999,0.3,2799,2400,399,N
ORD-2859,2025-10-19,2025-10-26,C162,Sahil Singh,Consumer,West,Mumbai,Home,Decor,P025,Cushion Cover Set,4,699,0.05,2656,1280,1376,N
ORD-2860,2025-10-19,2025-10-22,C022,Gaurav Saxena,Consumer,West,Mumbai,Home,Bedding,P008,Cotton Bedsheet,5,1299,0.2,5196,3500,1696,N
ORD-2861,2025-10-19,2025-10-21,C104,Isha Gupta,Consumer,West,Mumbai,Stationery,Desk,P030,Stapler Set,3,249,0.1,672,360,312,Y
ORD-2862,2025-10-19,2025-10-23,C024,Rajat Bhatt,Consumer,South,Chennai,Home,Kitchen,P024,Air Fryer,3,5499,0.3,11548,11700,-152,N
ORD-2863,2025-10-19,2025-10-23,C190,Pankaj Kumar,Consumer,South,Hyderabad,Home,Kitchen,P009,Coffee Maker,2,2999,0.3,4199,4000,199,N
ORD-2864,2025-10-20,2025-10-27,C203,Zoya Rao,Consumer,South,Hyderabad,Electronics,Wearables,P002,Smart Watch,1,5999,0.2,4799,4300,499,N
ORD-2865,2025-10-20,2025-10-27,C095,Pooja Kapoor,Consumer,West,Pune,Home,Bedding,P008,Cotton Bedsheet,1,1299,0.0,1299,700,599,N
ORD-2866,2025-10-20,2025-10-25,C153,Meera Malhotra,Consumer,North,Delhi,Apparel,Topwear,P021,Formal Shirt,3,1499,0.3,3148,2250,898,N
ORD-2867,2025-10-20,2025-10-22,C064,Amit Singh,Corporate,West,Pune,Home,Decor,P010,Table Lamp,2,999,0.0,1998,1040,958,N
ORD-2868,2025-10-20,2025-10-26,C193,Riya Jain,Consumer,North,Delhi,Beauty,Skincare,P011,Face Serum,2,899,0.1,1618,760,858,N
ORD-2869,2025-10-20,2025-10-21,C062,Neha Gupta,Consumer,West,Pune,Furniture,Tables,P034,Study Table,1,6499,0.1,5849,5000,849,N
ORD-2870,2025-10-20,2025-10-23,C092,Riya Das,Consumer,South,Chennai,Furniture,Storage,P037,Shoe Rack,1,2499,0.4,1499,1700,-201,N
ORD-2871,2025-10-21,2025-10-26,C041,Naveen Kumar,Corporate,West,Mumbai,Stationery,Writing,P014,Gel Pens Pack,1,199,0.0,199,90,109,N
ORD-2872,2025-10-21,2025-10-27,C153,Meera Malhotra,Consumer,North,Delhi,Beauty,Skincare,P029,Sunscreen SPF 50,1,599,0.15,509,270,239,N
ORD-2873,2025-10-21,2025-10-24,C075,Vikram Joshi,Consumer,West,Mumbai,Beauty,Haircare,P028,Shampoo and Conditioner,1,749,0.2,599,350,249,N
ORD-2874,2025-10-21,2025-10-22,C060,Divya Mehta,Consumer,South,Hyderabad,Home,Decor,P025,Cushion Cover Set,5,699,0.3,2446,1600,846,N
ORD-2875,2025-10-22,2025-10-29,C166,Suresh Nair,Home Office,North,Delhi,Furniture,Tables,P034,Study Table,1,6499,0.2,5199,5000,199,N
ORD-2876,2025-10-22,2025-10-24,C215,Naveen Rao,Corporate,South,Hyderabad,Home,Decor,P025,Cushion Cover Set,2,699,0.0,1398,640,758,N
ORD-2877,2025-10-22,2025-10-23,C010,Zoya Das,Home Office,South,Hyderabad,Apparel,Topwear,P007,Hoodie,1,1799,0.2,1439,950,489,N
ORD-2878,2025-10-22,2025-10-29,C064,Amit Singh,Corporate,West,Pune,Beauty,Fragrance,P012,Perfume,1,1599,0.0,1599,750,849,N
ORD-2879,2025-10-22,2025-10-23,C084,Meera Chopra,Corporate,East,Kolkata,Beauty,Fragrance,P012,Perfume,1,1599,0.15,1359,750,609,N
ORD-2880,2025-10-23,2025-10-30,C066,Arjun Kapoor,Consumer,West,Mumbai,Apparel,Footwear,P020,Running Shoes,4,3299,0.1,11876,7600,4276,N
ORD-2881,2025-10-23,2025-10-25,C008,Riya Bose,Home Office,West,Mumbai,Apparel,Bottomwear,P023,Yoga Pants,2,1199,0.0,2398,1200,1198,N
ORD-2882,2025-10-23,2025-10-26,C011,Isha Shah,Consumer,West,Pune,Electronics,Audio,P001,Wireless Earbuds,1,2499,0.15,2124,1500,624,N
ORD-2883,2025-10-23,2025-10-25,C053,Gaurav Gupta,Consumer,South,Chennai,Furniture,Storage,P037,Shoe Rack,3,2499,0.4,4498,5100,-602,Y
ORD-2884,2025-10-23,2025-10-24,C057,Nikhil Rao,Corporate,West,Mumbai,Stationery,Writing,P014,Gel Pens Pack,5,199,0.0,995,450,545,N
ORD-2885,2025-10-24,2025-10-27,C183,Amit Chopra,Consumer,West,Mumbai,Home,Decor,P025,Cushion Cover Set,3,699,0.05,1992,960,1032,N
ORD-2886,2025-10-24,2025-10-25,C157,Aarav Bhatt,Corporate,South,Bengaluru,Home,Kitchen,P024,Air Fryer,2,5499,0.3,7699,7800,-101,N
ORD-2887,2025-10-24,2025-10-25,C048,Riya Kumar,Corporate,South,Chennai,Beauty,Makeup,P027,Lip Balm Set,2,399,0.2,638,320,318,N
ORD-2888,2025-10-24,2025-10-31,C084,Meera Chopra,Corporate,East,Kolkata,Home,Decor,P026,Wall Clock,1,1199,0.0,1199,650,549,N
ORD-2889,2025-10-24,2025-10-25,C033,Neha Nair,Consumer,West,Pune,Electronics,Audio,P018,Noise-Cancelling Headphones,1,7999,0.0,7999,5600,2399,N
ORD-2890,2025-10-24,2025-10-25,C187,Ananya Bose,Consumer,North,Delhi,Apparel,Footwear,P020,Running Shoes,4,3299,0.2,10557,7600,2957,N
ORD-2891,2025-10-25,2025-11-01,C143,Rahul Rao,Consumer,South,Hyderabad,Furniture,Storage,P035,Bookshelf,4,5999,0.2,19197,18400,797,N
ORD-2892,2025-10-25,2025-10-30,C162,Sahil Singh,Consumer,West,Mumbai,Electronics,Audio,P018,Noise-Cancelling Headphones,2,7999,0.05,15198,11200,3998,N
ORD-2893,2025-10-25,2025-10-30,C186,Ananya Shah,Corporate,North,Delhi,Beauty,Skincare,P029,Sunscreen SPF 50,1,599,0.15,509,270,239,N
ORD-2894,2025-10-25,2025-10-28,C212,Karan Das,Home Office,South,Hyderabad,Electronics,Accessories,P017,Mechanical Keyboard,1,3499,0.0,3499,2200,1299,N
ORD-2895,2025-10-25,2025-10-26,C057,Nikhil Rao,Corporate,West,Mumbai,Electronics,Accessories,P016,Wireless Mouse,1,899,0.05,854,480,374,N
ORD-2896,2025-10-26,2025-11-02,C212,Karan Das,Home Office,South,Hyderabad,Electronics,Wearables,P002,Smart Watch,3,5999,0.05,17097,12900,4197,N
ORD-2897,2025-10-26,2025-11-01,C144,Kavya Joshi,Consumer,East,Kolkata,Home,Bedding,P008,Cotton Bedsheet,1,1299,0.2,1039,700,339,N
ORD-2898,2025-10-26,2025-10-30,C166,Suresh Nair,Home Office,North,Delhi,Furniture,Storage,P035,Bookshelf,3,5999,0.0,17997,13800,4197,Y
ORD-2899,2025-10-27,2025-10-28,C051,Suresh Bhatt,Consumer,West,Mumbai,Beauty,Fragrance,P012,Perfume,2,1599,0.0,3198,1500,1698,N
ORD-2900,2025-10-27,2025-11-02,C186,Ananya Shah,Corporate,North,Delhi,Home,Bedding,P008,Cotton Bedsheet,3,1299,0.0,3897,2100,1797,N
ORD-2901,2025-10-27,2025-10-28,C041,Naveen Kumar,Corporate,West,Mumbai,Furniture,Storage,P037,Shoe Rack,3,2499,0.2,5998,5100,898,Y
ORD-2902,2025-10-27,2025-10-31,C012,Suresh Desai,Home Office,South,Bengaluru,Electronics,Audio,P018,Noise-Cancelling Headphones,1,7999,0.0,7999,5600,2399,N
ORD-2903,2025-10-27,2025-10-31,C174,Deepak Kumar,Corporate,West,Ahmedabad,Furniture,Storage,P035,Bookshelf,1,5999,0.3,4199,4600,-401,N
ORD-2904,2025-10-27,2025-11-01,C030,Anjali Joshi,Corporate,South,Chennai,Beauty,Fragrance,P012,Perfume,2,1599,0.3,2239,1500,739,N
ORD-2905,2025-10-27,2025-10-29,C198,Aarav Bose,Corporate,South,Hyderabad,Stationery,Desk,P032,Whiteboard,2,1299,0.1,2338,1560,778,N
ORD-2906,2025-10-28,2025-11-04,C045,Vivaan Bose,Consumer,South,Bengaluru,Apparel,Footwear,P020,Running Shoes,1,3299,0.3,2309,1900,409,N
ORD-2907,2025-10-28,2025-10-31,C128,Tanvi Singh,Home Office,West,Mumbai,Beauty,Skincare,P011,Face Serum,3,899,0.0,2697,1140,1557,N
ORD-2908,2025-10-28,2025-11-01,C145,Kunal Rao,Corporate,West,Pune,Home,Decor,P026,Wall Clock,5,1199,0.05,5695,3250,2445,N
ORD-2909,2025-10-28,2025-11-02,C078,Isha Mehta,Consumer,North,Delhi,Home,Kitchen,P024,Air Fryer,2,5499,0.05,10448,7800,2648,N
ORD-2910,2025-10-29,2025-11-05,C008,Riya Bose,Home Office,West,Mumbai,Apparel,Footwear,P020,Running Shoes,2,3299,0.3,4619,3800,819,N
ORD-2911,2025-10-29,2025-11-01,C116,Meera Joshi,Consumer,North,Delhi,Home,Kitchen,P009,Coffee Maker,3,2999,0.0,8997,6000,2997,N
ORD-2912,2025-10-29,2025-11-05,C082,Rohan Nair,Consumer,West,Mumbai,Stationery,Desk,P015,Desk Organizer,6,499,0.0,2994,1560,1434,N
ORD-2913,2025-10-29,2025-10-31,C141,Sanjay Shah,Corporate,North,Delhi,Home,Kitchen,P009,Coffee Maker,2,2999,0.1,5398,4000,1398,N
ORD-2914,2025-10-30,2025-11-04,C066,Arjun Kapoor,Consumer,West,Mumbai,Apparel,Bottomwear,P006,Denim Jeans,1,1999,0.4,1199,1050,149,N
ORD-2915,2025-10-30,2025-11-03,C020,Rahul Pillai,Corporate,West,Mumbai,Electronics,Audio,P018,Noise-Cancelling Headphones,1,7999,0.0,7999,5600,2399,N
ORD-2916,2025-10-30,2025-11-01,C123,Harsh Menon,Consumer,East,Kolkata,Electronics,Audio,P018,Noise-Cancelling Headphones,3,7999,0.1,21597,16800,4797,N
ORD-2917,2025-10-31,2025-11-01,C167,Sneha Pillai,Corporate,West,Mumbai,Beauty,Haircare,P028,Shampoo and Conditioner,2,749,0.0,1498,700,798,N
ORD-2918,2025-10-31,2025-11-04,C035,Nikhil Shah,Home Office,North,Delhi,Home,Decor,P025,Cushion Cover Set,5,699,0.2,2796,1600,1196,N
ORD-2919,2025-10-31,2025-11-04,C162,Sahil Singh,Consumer,West,Mumbai,Apparel,Bottomwear,P006,Denim Jeans,3,1999,0.3,4198,3150,1048,N
ORD-2920,2025-10-31,2025-11-01,C166,Suresh Nair,Home Office,North,Delhi,Beauty,Fragrance,P012,Perfume,1,1599,0.0,1599,750,849,N
ORD-2921,2025-11-01,2025-11-06,C013,Suresh Malhotra,Consumer,South,Bengaluru,Furniture,Seating,P033,Office Chair,3,8999,0.2,21598,20400,1198,N
ORD-2922,2025-11-01,2025-11-07,C027,Tanvi Kapoor,Consumer,West,Mumbai,Home,Kitchen,P024,Air Fryer,1,5499,0.0,5499,3900,1599,N
ORD-2923,2025-11-01,2025-11-04,C119,Aarav Nair,Corporate,West,Mumbai,Home,Decor,P025,Cushion Cover Set,4,699,0.2,2237,1280,957,N
ORD-2924,2025-11-01,2025-11-08,C018,Riya Pillai,Home Office,West,Mumbai,Electronics,Audio,P018,Noise-Cancelling Headphones,5,7999,0.05,37995,28000,9995,N
ORD-2925,2025-11-02,2025-11-05,C145,Kunal Rao,Corporate,West,Pune,Stationery,Paper,P013,Notebook,2,149,0.0,298,140,158,N
ORD-2926,2025-11-02,2025-11-09,C187,Ananya Bose,Consumer,North,Delhi,Furniture,Seating,P033,Office Chair,2,8999,0.1,16198,13600,2598,N
ORD-2927,2025-11-02,2025-11-07,C017,Manoj Saxena,Home Office,South,Bengaluru,Home,Decor,P025,Cushion Cover Set,1,699,0.2,559,320,239,N
ORD-2928,2025-11-02,2025-11-03,C012,Suresh Desai,Home Office,South,Bengaluru,Furniture,Storage,P035,Bookshelf,5,5999,0.2,23996,23000,996,N
ORD-2929,2025-11-02,2025-11-03,C212,Karan Das,Home Office,South,Hyderabad,Furniture,Tables,P038,Bedside Table,4,3499,0.0,13996,10000,3996,N
ORD-2930,2025-11-02,2025-11-04,C023,Sanjay Saxena,Consumer,South,Bengaluru,Stationery,Writing,P014,Gel Pens Pack,2,199,0.05,378,180,198,N
ORD-2931,2025-11-02,2025-11-04,C057,Nikhil Rao,Corporate,West,Mumbai,Apparel,Outerwear,P022,Winter Jacket,2,3999,0.4,4799,4800,-1,N
ORD-2932,2025-11-02,2025-11-07,C159,Pooja Kumar,Consumer,South,Hyderabad,Stationery,Desk,P032,Whiteboard,1,1299,0.0,1299,780,519,N
ORD-2933,2025-11-03,2025-11-10,C165,Tarun Bhatt,Corporate,South,Chennai,Electronics,Accessories,P016,Wireless Mouse,1,899,0.15,764,480,284,N
ORD-2934,2025-11-03,2025-11-08,C084,Meera Chopra,Corporate,East,Kolkata,Apparel,Footwear,P020,Running Shoes,1,3299,0.4,1979,1900,79,N
ORD-2935,2025-11-03,2025-11-07,C057,Nikhil Rao,Corporate,West,Mumbai,Home,Kitchen,P009,Coffee Maker,1,2999,0.2,2399,2000,399,N
ORD-2936,2025-11-03,2025-11-04,C214,Isha Nair,Consumer,West,Pune,Apparel,Bottomwear,P006,Denim Jeans,1,1999,0.1,1799,1050,749,N
ORD-2937,2025-11-03,2025-11-10,C194,Harsh Singh,Home Office,North,Delhi,Furniture,Tables,P034,Study Table,1,6499,0.4,3899,5000,-1101,N
ORD-2938,2025-11-03,2025-11-08,C060,Divya Mehta,Consumer,South,Hyderabad,Furniture,Seating,P033,Office Chair,1,8999,0.4,5399,6800,-1401,N
ORD-2939,2025-11-03,2025-11-06,C028,Deepak Kulkarni,Consumer,West,Mumbai,Electronics,Audio,P018,Noise-Cancelling Headphones,1,7999,0.0,7999,5600,2399,N
ORD-2940,2025-11-04,2025-11-10,C001,Neha Verma,Consumer,South,Bengaluru,Stationery,Writing,P014,Gel Pens Pack,2,199,0.0,398,180,218,N
ORD-2941,2025-11-04,2025-11-07,C095,Pooja Kapoor,Consumer,West,Pune,Home,Decor,P010,Table Lamp,5,999,0.05,4745,2600,2145,N
ORD-2942,2025-11-04,2025-11-11,C193,Riya Jain,Consumer,North,Delhi,Stationery,Desk,P015,Desk Organizer,3,499,0.1,1347,780,567,N
ORD-2943,2025-11-04,2025-11-06,C024,Rajat Bhatt,Consumer,South,Chennai,Apparel,Footwear,P020,Running Shoes,1,3299,0.2,2639,1900,739,N
ORD-2944,2025-11-04,2025-11-09,C069,Vivaan Menon,Corporate,South,Chennai,Electronics,Audio,P018,Noise-Cancelling Headphones,2,7999,0.05,15198,11200,3998,N
ORD-2945,2025-11-04,2025-11-11,C009,Divya Sharma,Consumer,South,Chennai,Furniture,Tables,P034,Study Table,1,6499,0.2,5199,5000,199,N
ORD-2946,2025-11-04,2025-11-05,C113,Sanjay Malhotra,Consumer,West,Pune,Home,Decor,P025,Cushion Cover Set,3,699,0.0,2097,960,1137,N
ORD-2947,2025-11-05,2025-11-09,C056,Harsh Bhatt,Consumer,North,Delhi,Furniture,Tables,P034,Study Table,1,6499,0.2,5199,5000,199,N
ORD-2948,2025-11-05,2025-11-09,C061,Sahil Patel,Consumer,South,Chennai,Home,Kitchen,P009,Coffee Maker,5,2999,0.2,11996,10000,1996,N
ORD-2949,2025-11-05,2025-11-10,C051,Suresh Bhatt,Consumer,West,Mumbai,Electronics,Audio,P018,Noise-Cancelling Headphones,2,7999,0.05,15198,11200,3998,N
ORD-2950,2025-11-05,2025-11-10,C024,Rajat Bhatt,Consumer,South,Chennai,Beauty,Fragrance,P012,Perfume,1,1599,0.1,1439,750,689,N
ORD-2951,2025-11-05,2025-11-08,C082,Rohan Nair,Consumer,West,Mumbai,Electronics,Wearables,P002,Smart Watch,1,5999,0.0,5999,4300,1699,N
ORD-2952,2025-11-05,2025-11-08,C174,Deepak Kumar,Corporate,West,Ahmedabad,Electronics,Accessories,P003,Power Bank,2,1499,0.2,2398,1800,598,N
ORD-2953,2025-11-05,2025-11-06,C029,Rajat Patel,Corporate,South,Bengaluru,Home,Kitchen,P024,Air Fryer,2,5499,0.0,10998,7800,3198,N
ORD-2954,2025-11-06,2025-11-11,C201,Sneha Malhotra,Consumer,West,Mumbai,Beauty,Haircare,P028,Shampoo and Conditioner,3,749,0.0,2247,1050,1197,N
ORD-2955,2025-11-06,2025-11-09,C195,Rajat Chopra,Consumer,West,Ahmedabad,Apparel,Footwear,P020,Running Shoes,1,3299,0.1,2969,1900,1069,N
ORD-2956,2025-11-06,2025-11-12,C064,Amit Singh,Corporate,West,Pune,Home,Decor,P025,Cushion Cover Set,4,699,0.2,2237,1280,957,N
ORD-2957,2025-11-06,2025-11-13,C147,Meera Verma,Corporate,West,Mumbai,Home,Kitchen,P040,Ceramic Mug Set,3,599,0.05,1707,900,807,N
ORD-2958,2025-11-06,2025-11-11,C107,Kunal Reddy,Consumer,West,Ahmedabad,Apparel,Topwear,P007,Hoodie,1,1799,0.0,1799,950,849,N
ORD-2959,2025-11-06,2025-11-08,C148,Divya Jain,Home Office,West,Pune,Stationery,Desk,P032,Whiteboard,3,1299,0.1,3507,2340,1167,N
ORD-2960,2025-11-06,2025-11-13,C054,Sneha Mehta,Consumer,West,Mumbai,Furniture,Tables,P038,Bedside Table,2,3499,0.2,5598,5000,598,N
ORD-2961,2025-11-07,2025-11-13,C069,Vivaan Menon,Corporate,South,Chennai,Apparel,Footwear,P020,Running Shoes,1,3299,0.0,3299,1900,1399,N
ORD-2962,2025-11-07,2025-11-11,C125,Rahul Shah,Consumer,North,Delhi,Home,Decor,P025,Cushion Cover Set,2,699,0.2,1118,640,478,N
ORD-2963,2025-11-07,2025-11-12,C092,Riya Das,Consumer,South,Chennai,Apparel,Outerwear,P022,Winter Jacket,1,3999,0.2,3199,2400,799,N
ORD-2964,2025-11-07,2025-11-13,C195,Rajat Chopra,Consumer,West,Ahmedabad,Electronics,Audio,P018,Noise-Cancelling Headphones,1,7999,0.2,6399,5600,799,N
ORD-2965,2025-11-07,2025-11-14,C113,Sanjay Malhotra,Consumer,West,Pune,Apparel,Bottomwear,P006,Denim Jeans,3,1999,0.1,5397,3150,2247,N
ORD-2966,2025-11-08,2025-11-15,C076,Varun Verma,Corporate,West,Mumbai,Beauty,Fragrance,P012,Perfume,2,1599,0.3,2239,1500,739,N
ORD-2967,2025-11-08,2025-11-15,C105,Kavya Singh,Consumer,West,Ahmedabad,Furniture,Tables,P034,Study Table,1,6499,0.1,5849,5000,849,N
ORD-2968,2025-11-08,2025-11-09,C133,Meera Das,Consumer,East,Kolkata,Furniture,Tables,P034,Study Table,3,6499,0.2,15598,15000,598,N
ORD-2969,2025-11-08,2025-11-12,C095,Pooja Kapoor,Consumer,West,Pune,Electronics,Audio,P018,Noise-Cancelling Headphones,1,7999,0.1,7199,5600,1599,N
ORD-2970,2025-11-08,2025-11-13,C078,Isha Mehta,Consumer,North,Delhi,Electronics,Wearables,P002,Smart Watch,2,5999,0.0,11998,8600,3398,N
ORD-2971,2025-11-09,2025-11-12,C178,Gaurav Pillai,Home Office,South,Bengaluru,Electronics,Wearables,P002,Smart Watch,1,5999,0.0,5999,4300,1699,N
ORD-2972,2025-11-09,2025-11-10,C071,Priya Shah,Consumer,South,Bengaluru,Home,Bedding,P008,Cotton Bedsheet,1,1299,0.05,1234,700,534,N
ORD-2973,2025-11-09,2025-11-15,C146,Ramesh Kapoor,Consumer,West,Pune,Electronics,Accessories,P016,Wireless Mouse,1,899,0.0,899,480,419,N
ORD-2974,2025-11-09,2025-11-11,C104,Isha Gupta,Consumer,West,Mumbai,Furniture,Storage,P037,Shoe Rack,3,2499,0.1,6747,5100,1647,N
ORD-2975,2025-11-09,2025-11-14,C174,Deepak Kumar,Corporate,West,Ahmedabad,Furniture,Storage,P035,Bookshelf,3,5999,0.3,12598,13800,-1202,N
ORD-2976,2025-11-09,2025-11-14,C208,Anjali Kumar,Consumer,North,Delhi,Stationery,Paper,P013,Notebook,3,149,0.0,447,210,237,N
ORD-2977,2025-11-09,2025-11-15,C109,Aarav Kulkarni,Home Office,South,Bengaluru,Stationery,Paper,P013,Notebook,2,149,0.0,298,140,158,N
ORD-2978,2025-11-10,2025-11-14,C013,Suresh Malhotra,Consumer,South,Bengaluru,Beauty,Makeup,P027,Lip Balm Set,2,399,0.1,718,320,398,N
ORD-2979,2025-11-10,2025-11-14,C219,Tanvi Saxena,Consumer,West,Mumbai,Electronics,Audio,P018,Noise-Cancelling Headphones,2,7999,0.0,15998,11200,4798,N
ORD-2980,2025-11-10,2025-11-11,C216,Isha Reddy,Consumer,South,Hyderabad,Electronics,Accessories,P003,Power Bank,5,1499,0.05,7120,4500,2620,N
ORD-2981,2025-11-10,2025-11-12,C136,Varun Menon,Consumer,North,Delhi,Furniture,Seating,P033,Office Chair,1,8999,0.3,6299,6800,-501,N
ORD-2982,2025-11-10,2025-11-14,C027,Tanvi Kapoor,Consumer,West,Mumbai,Furniture,Storage,P037,Shoe Rack,2,2499,0.4,2999,3400,-401,N
ORD-2983,2025-11-11,2025-11-17,C055,Harsh Iyer,Home Office,East,Kolkata,Stationery,Paper,P013,Notebook,1,149,0.0,149,70,79,N
ORD-2984,2025-11-11,2025-11-12,C139,Ramesh Nair,Consumer,West,Pune,Furniture,Storage,P035,Bookshelf,2,5999,0.3,8399,9200,-801,N
ORD-2985,2025-11-12,2025-11-13,C056,Harsh Bhatt,Consumer,North,Delhi,Beauty,Skincare,P029,Sunscreen SPF 50,1,599,0.0,599,270,329,N
ORD-2986,2025-11-12,2025-11-19,C069,Vivaan Menon,Corporate,South,Chennai,Electronics,Wearables,P002,Smart Watch,1,5999,0.05,5699,4300,1399,N
ORD-2987,2025-11-12,2025-11-15,C076,Varun Verma,Corporate,West,Mumbai,Beauty,Makeup,P027,Lip Balm Set,1,399,0.0,399,160,239,N
ORD-2988,2025-11-12,2025-11-19,C072,Aditya Gupta,Consumer,North,Delhi,Home,Decor,P010,Table Lamp,2,999,0.2,1598,1040,558,N
ORD-2989,2025-11-12,2025-11-17,C124,Neha Joshi,Consumer,East,Kolkata,Stationery,Desk,P030,Stapler Set,1,249,0.05,237,120,117,N
ORD-2990,2025-11-12,2025-11-16,C186,Ananya Shah,Corporate,North,Delhi,Beauty,Skincare,P029,Sunscreen SPF 50,1,599,0.1,539,270,269,N
ORD-2991,2025-11-13,2025-11-17,C068,Varun Nair,Corporate,West,Mumbai,Apparel,Topwear,P021,Formal Shirt,1,1499,0.5,750,750,0,N
ORD-2992,2025-11-13,2025-11-15,C057,Nikhil Rao,Corporate,West,Mumbai,Furniture,Seating,P033,Office Chair,4,8999,0.1,32396,27200,5196,N
ORD-2993,2025-11-13,2025-11-14,C212,Karan Das,Home Office,South,Hyderabad,Electronics,Accessories,P017,Mechanical Keyboard,2,3499,0.05,6648,4400,2248,Y
ORD-2994,2025-11-14,2025-11-19,C157,Aarav Bhatt,Corporate,South,Bengaluru,Electronics,Accessories,P019,Webcam HD,1,2199,0.05,2089,1400,689,N
ORD-2995,2025-11-14,2025-11-21,C100,Naveen Shah,Corporate,West,Mumbai,Beauty,Fragrance,P012,Perfume,3,1599,0.1,4317,2250,2067,N
ORD-2996,2025-11-15,2025-11-22,C079,Sahil Saxena,Corporate,North,Delhi,Apparel,Topwear,P005,Cotton T-Shirt,2,799,0.5,799,760,39,N
ORD-2997,2025-11-15,2025-11-18,C106,Vivaan Kumar,Consumer,West,Pune,Beauty,Makeup,P027,Lip Balm Set,3,399,0.0,1197,480,717,N
ORD-2998,2025-11-15,2025-11-17,C091,Suresh Shah,Consumer,West,Pune,Apparel,Footwear,P020,Running Shoes,1,3299,0.4,1979,1900,79,N
ORD-2999,2025-11-15,2025-11-18,C033,Neha Nair,Consumer,West,Pune,Apparel,Outerwear,P022,Winter Jacket,2,3999,0.5,3999,4800,-801,N
ORD-3000,2025-11-15,2025-11-22,C138,Sneha Saxena,Consumer,West,Mumbai,Beauty,Makeup,P027,Lip Balm Set,1,399,0.0,399,160,239,N
ORD-3001,2025-11-15,2025-11-20,C008,Riya Bose,Home Office,West,Mumbai,Stationery,Writing,P014,Gel Pens Pack,2,199,0.1,358,180,178,N
ORD-3002,2025-11-15,2025-11-22,C019,Mohit Rao,Home Office,South,Bengaluru,Beauty,Fragrance,P012,Perfume,1,1599,0.15,1359,750,609,N
ORD-3003,2025-11-15,2025-11-17,C110,Kavya Shah,Consumer,South,Chennai,Beauty,Haircare,P028,Shampoo and Conditioner,1,749,0.2,599,350,249,N
ORD-3004,2025-11-16,2025-11-22,C211,Rohan Kumar,Consumer,North,Delhi,Apparel,Footwear,P020,Running Shoes,4,3299,0.3,9237,7600,1637,N
ORD-3005,2025-11-16,2025-11-18,C093,Gaurav Kapoor,Consumer,South,Hyderabad,Electronics,Accessories,P019,Webcam HD,1,2199,0.0,2199,1400,799,N
ORD-3006,2025-11-16,2025-11-18,C014,Rahul Jain,Consumer,South,Bengaluru,Beauty,Makeup,P027,Lip Balm Set,1,399,0.15,339,160,179,N
ORD-3007,2025-11-16,2025-11-21,C040,Shreya Desai,Corporate,South,Bengaluru,Electronics,Audio,P018,Noise-Cancelling Headphones,1,7999,0.1,7199,5600,1599,N
ORD-3008,2025-11-17,2025-11-23,C044,Varun Kumar,Home Office,North,Delhi,Stationery,Writing,P014,Gel Pens Pack,1,199,0.0,199,90,109,N
ORD-3009,2025-11-17,2025-11-19,C017,Manoj Saxena,Home Office,South,Bengaluru,Electronics,Audio,P018,Noise-Cancelling Headphones,4,7999,0.0,31996,22400,9596,N
ORD-3010,2025-11-17,2025-11-21,C136,Varun Menon,Consumer,North,Delhi,Stationery,Desk,P030,Stapler Set,10,249,0.05,2366,1200,1166,N
ORD-3011,2025-11-17,2025-11-19,C106,Vivaan Kumar,Consumer,West,Pune,Apparel,Outerwear,P022,Winter Jacket,5,3999,0.3,13996,12000,1996,N
ORD-3012,2025-11-17,2025-11-24,C164,Aarav Pillai,Consumer,West,Pune,Furniture,Tables,P038,Bedside Table,1,3499,0.1,3149,2500,649,N
ORD-3013,2025-11-18,2025-11-22,C056,Harsh Bhatt,Consumer,North,Delhi,Beauty,Makeup,P027,Lip Balm Set,1,399,0.1,359,160,199,N
ORD-3014,2025-11-18,2025-11-23,C071,Priya Shah,Consumer,South,Bengaluru,Beauty,Makeup,P027,Lip Balm Set,3,399,0.0,1197,480,717,N
ORD-3015,2025-11-18,2025-11-25,C104,Isha Gupta,Consumer,West,Mumbai,Apparel,Footwear,P020,Running Shoes,1,3299,0.5,1650,1900,-250,N
ORD-3016,2025-11-19,2025-11-24,C087,Isha Bhatt,Consumer,North,Delhi,Furniture,Storage,P037,Shoe Rack,2,2499,0.3,3499,3400,99,N
ORD-3017,2025-11-19,2025-11-21,C141,Sanjay Shah,Corporate,North,Delhi,Beauty,Haircare,P028,Shampoo and Conditioner,1,749,0.15,637,350,287,N
ORD-3018,2025-11-19,2025-11-23,C116,Meera Joshi,Consumer,North,Delhi,Apparel,Topwear,P007,Hoodie,1,1799,0.3,1259,950,309,N
ORD-3019,2025-11-19,2025-11-23,C145,Kunal Rao,Corporate,West,Pune,Electronics,Audio,P001,Wireless Earbuds,5,2499,0.0,12495,7500,4995,N
ORD-3020,2025-11-19,2025-11-21,C006,Kunal Bose,Consumer,East,Kolkata,Furniture,Tables,P034,Study Table,1,6499,0.2,5199,5000,199,N
ORD-3021,2025-11-19,2025-11-25,C145,Kunal Rao,Corporate,West,Pune,Apparel,Footwear,P020,Running Shoes,2,3299,0.3,4619,3800,819,N
ORD-3022,2025-11-19,2025-11-23,C138,Sneha Saxena,Consumer,West,Mumbai,Stationery,Desk,P030,Stapler Set,3,249,0.1,672,360,312,N
ORD-3023,2025-11-19,2025-11-22,C026,Ramesh Bose,Consumer,West,Mumbai,Home,Decor,P010,Table Lamp,2,999,0.05,1898,1040,858,N
ORD-3024,2025-11-19,2025-11-26,C119,Aarav Nair,Corporate,West,Mumbai,Electronics,Accessories,P019,Webcam HD,1,2199,0.05,2089,1400,689,N
ORD-3025,2025-11-19,2025-11-26,C058,Tarun Kapoor,Consumer,North,Delhi,Electronics,Wearables,P002,Smart Watch,1,5999,0.1,5399,4300,1099,N
ORD-3026,2025-11-19,2025-11-22,C170,Arjun Verma,Consumer,South,Chennai,Furniture,Seating,P033,Office Chair,1,8999,0.3,6299,6800,-501,N
ORD-3027,2025-11-20,2025-11-26,C113,Sanjay Malhotra,Consumer,West,Pune,Apparel,Bottomwear,P006,Denim Jeans,1,1999,0.3,1399,1050,349,N
ORD-3028,2025-11-20,2025-11-27,C060,Divya Mehta,Consumer,South,Hyderabad,Furniture,Storage,P037,Shoe Rack,1,2499,0.0,2499,1700,799,N
ORD-3029,2025-11-20,2025-11-21,C102,Kunal Gupta,Consumer,West,Mumbai,Beauty,Skincare,P029,Sunscreen SPF 50,1,599,0.0,599,270,329,N
ORD-3030,2025-11-21,2025-11-23,C218,Rajat Mehta,Consumer,West,Pune,Apparel,Footwear,P020,Running Shoes,1,3299,0.0,3299,1900,1399,Y
ORD-3031,2025-11-21,2025-11-25,C109,Aarav Kulkarni,Home Office,South,Bengaluru,Stationery,Writing,P014,Gel Pens Pack,3,199,0.0,597,270,327,N
ORD-3032,2025-11-21,2025-11-22,C130,Rajat Gupta,Consumer,South,Chennai,Apparel,Outerwear,P022,Winter Jacket,3,3999,0.2,9598,7200,2398,N
ORD-3033,2025-11-21,2025-11-22,C199,Ramesh Gupta,Corporate,North,Delhi,Furniture,Storage,P035,Bookshelf,1,5999,0.4,3599,4600,-1001,N
ORD-3034,2025-11-21,2025-11-26,C025,Zoya Kulkarni,Corporate,West,Mumbai,Furniture,Tables,P034,Study Table,1,6499,0.1,5849,5000,849,Y
ORD-3035,2025-11-21,2025-11-28,C061,Sahil Patel,Consumer,South,Chennai,Stationery,Writing,P014,Gel Pens Pack,8,199,0.0,1592,720,872,N
ORD-3036,2025-11-21,2025-11-25,C106,Vivaan Kumar,Consumer,West,Pune,Electronics,Audio,P018,Noise-Cancelling Headphones,1,7999,0.05,7599,5600,1999,N
ORD-3037,2025-11-22,2025-11-28,C005,Kavya Kulkarni,Consumer,South,Bengaluru,Beauty,Skincare,P029,Sunscreen SPF 50,4,599,0.1,2156,1080,1076,N
ORD-3038,2025-11-22,2025-11-24,C032,Tanvi Kumar,Consumer,South,Bengaluru,Beauty,Skincare,P029,Sunscreen SPF 50,1,599,0.0,599,270,329,N
ORD-3039,2025-11-22,2025-11-29,C010,Zoya Das,Home Office,South,Hyderabad,Apparel,Footwear,P020,Running Shoes,5,3299,0.4,9897,9500,397,N
ORD-3040,2025-11-22,2025-11-28,C057,Nikhil Rao,Corporate,West,Mumbai,Stationery,Paper,P013,Notebook,3,149,0.0,447,210,237,N
ORD-3041,2025-11-22,2025-11-24,C216,Isha Reddy,Consumer,South,Hyderabad,Beauty,Makeup,P027,Lip Balm Set,1,399,0.0,399,160,239,N
ORD-3042,2025-11-22,2025-11-25,C130,Rajat Gupta,Consumer,South,Chennai,Electronics,Accessories,P016,Wireless Mouse,3,899,0.05,2562,1440,1122,N
ORD-3043,2025-11-22,2025-11-23,C085,Vivaan Jain,Home Office,South,Bengaluru,Beauty,Skincare,P029,Sunscreen SPF 50,1,599,0.2,479,270,209,N
ORD-3044,2025-11-22,2025-11-26,C166,Suresh Nair,Home Office,North,Delhi,Beauty,Haircare,P028,Shampoo and Conditioner,1,749,0.3,524,350,174,N
ORD-3045,2025-11-22,2025-11-25,C186,Ananya Shah,Corporate,North,Delhi,Stationery,Writing,P014,Gel Pens Pack,3,199,0.1,537,270,267,N
ORD-3046,2025-11-23,2025-11-24,C219,Tanvi Saxena,Consumer,West,Mumbai,Apparel,Bottomwear,P006,Denim Jeans,2,1999,0.0,3998,2100,1898,N
ORD-3047,2025-11-23,2025-11-27,C073,Nikhil Nair,Corporate,West,Mumbai,Furniture,Storage,P037,Shoe Rack,2,2499,0.0,4998,3400,1598,N
ORD-3048,2025-11-23,2025-11-30,C177,Mohit Iyer,Consumer,North,Delhi,Stationery,Paper,P013,Notebook,1,149,0.05,142,70,72,N
ORD-3049,2025-11-23,2025-11-24,C019,Mohit Rao,Home Office,South,Bengaluru,Beauty,Haircare,P028,Shampoo and Conditioner,1,749,0.0,749,350,399,N
ORD-3050,2025-11-23,2025-11-30,C052,Kunal Shah,Corporate,South,Chennai,Home,Decor,P025,Cushion Cover Set,1,699,0.05,664,320,344,N
ORD-3051,2025-11-23,2025-11-30,C112,Riya Chopra,Corporate,South,Hyderabad,Electronics,Audio,P018,Noise-Cancelling Headphones,1,7999,0.1,7199,5600,1599,N
ORD-3052,2025-11-23,2025-11-27,C136,Varun Menon,Consumer,North,Delhi,Electronics,Audio,P001,Wireless Earbuds,1,2499,0.05,2374,1500,874,N
ORD-3053,2025-11-24,2025-11-28,C051,Suresh Bhatt,Consumer,West,Mumbai,Electronics,Accessories,P003,Power Bank,2,1499,0.0,2998,1800,1198,N
ORD-3054,2025-11-24,2025-11-28,C120,Anjali Patel,Consumer,North,Delhi,Apparel,Topwear,P007,Hoodie,2,1799,0.0,3598,1900,1698,N
ORD-3055,2025-11-24,2025-11-28,C108,Manoj Gupta,Home Office,North,Delhi,Apparel,Footwear,P020,Running Shoes,5,3299,0.0,16495,9500,6995,N
ORD-3056,2025-11-24,2025-11-29,C041,Naveen Kumar,Corporate,West,Mumbai,Electronics,Audio,P018,Noise-Cancelling Headphones,1,7999,0.0,7999,5600,2399,N
ORD-3057,2025-11-24,2025-11-30,C163,Kavya Das,Corporate,West,Pune,Stationery,Writing,P014,Gel Pens Pack,3,199,0.0,597,270,327,N
ORD-3058,2025-11-25,2025-11-27,C215,Naveen Rao,Corporate,South,Hyderabad,Furniture,Storage,P035,Bookshelf,1,5999,0.2,4799,4600,199,N
ORD-3059,2025-11-25,2025-12-01,C218,Rajat Mehta,Consumer,West,Pune,Furniture,Seating,P033,Office Chair,1,8999,0.0,8999,6800,2199,N
ORD-3060,2025-11-25,2025-12-02,C077,Yash Das,Consumer,West,Pune,Beauty,Makeup,P027,Lip Balm Set,3,399,0.2,958,480,478,N
ORD-3061,2025-11-26,2025-12-02,C198,Aarav Bose,Corporate,South,Hyderabad,Electronics,Audio,P018,Noise-Cancelling Headphones,1,7999,0.15,6799,5600,1199,N
ORD-3062,2025-11-26,2025-12-01,C037,Naveen Malhotra,Home Office,South,Bengaluru,Electronics,Audio,P018,Noise-Cancelling Headphones,2,7999,0.1,14398,11200,3198,N
ORD-3063,2025-11-26,2025-11-30,C180,Divya Verma,Corporate,North,Delhi,Home,Decor,P025,Cushion Cover Set,1,699,0.2,559,320,239,Y
ORD-3064,2025-11-26,2025-12-03,C203,Zoya Rao,Consumer,South,Hyderabad,Electronics,Wearables,P002,Smart Watch,1,5999,0.05,5699,4300,1399,Y
ORD-3065,2025-11-27,2025-12-04,C107,Kunal Reddy,Consumer,West,Ahmedabad,Electronics,Accessories,P017,Mechanical Keyboard,1,3499,0.05,3324,2200,1124,N
ORD-3066,2025-11-27,2025-11-29,C099,Ananya Bhatt,Consumer,South,Chennai,Home,Decor,P025,Cushion Cover Set,1,699,0.05,664,320,344,N
ORD-3067,2025-11-27,2025-12-03,C045,Vivaan Bose,Consumer,South,Bengaluru,Home,Bedding,P008,Cotton Bedsheet,1,1299,0.05,1234,700,534,N
ORD-3068,2025-11-28,2025-12-04,C067,Kunal Singh,Corporate,East,Kolkata,Beauty,Fragrance,P012,Perfume,3,1599,0.0,4797,2250,2547,N
ORD-3069,2025-11-28,2025-12-01,C004,Manoj Nair,Consumer,West,Pune,Beauty,Makeup,P027,Lip Balm Set,1,399,0.0,399,160,239,N
ORD-3070,2025-11-28,2025-12-04,C186,Ananya Shah,Corporate,North,Delhi,Apparel,Topwear,P007,Hoodie,1,1799,0.3,1259,950,309,N
ORD-3071,2025-11-28,2025-12-02,C019,Mohit Rao,Home Office,South,Bengaluru,Electronics,Accessories,P019,Webcam HD,2,2199,0.1,3958,2800,1158,N
ORD-3072,2025-11-28,2025-12-03,C045,Vivaan Bose,Consumer,South,Bengaluru,Beauty,Fragrance,P012,Perfume,1,1599,0.2,1279,750,529,N
ORD-3073,2025-11-28,2025-12-02,C096,Karan Desai,Consumer,South,Chennai,Furniture,Storage,P035,Bookshelf,1,5999,0.1,5399,4600,799,N
ORD-3074,2025-11-28,2025-11-30,C057,Nikhil Rao,Corporate,West,Mumbai,Furniture,Storage,P037,Shoe Rack,3,2499,0.1,6747,5100,1647,N
ORD-3075,2025-11-28,2025-12-01,C022,Gaurav Saxena,Consumer,West,Mumbai,Apparel,Footwear,P020,Running Shoes,1,3299,0.2,2639,1900,739,N
ORD-3076,2025-11-29,2025-12-03,C024,Rajat Bhatt,Consumer,South,Chennai,Beauty,Skincare,P029,Sunscreen SPF 50,1,599,0.1,539,270,269,N
ORD-3077,2025-11-29,2025-12-01,C095,Pooja Kapoor,Consumer,West,Pune,Stationery,Paper,P013,Notebook,2,149,0.05,283,140,143,N
ORD-3078,2025-11-29,2025-12-01,C109,Aarav Kulkarni,Home Office,South,Bengaluru,Apparel,Footwear,P020,Running Shoes,1,3299,0.0,3299,1900,1399,N
ORD-3079,2025-11-29,2025-12-03,C078,Isha Mehta,Consumer,North,Delhi,Apparel,Bottomwear,P023,Yoga Pants,3,1199,0.1,3237,1800,1437,N
ORD-3080,2025-11-29,2025-11-30,C107,Kunal Reddy,Consumer,West,Ahmedabad,Stationery,Paper,P013,Notebook,2,149,0.0,298,140,158,N
ORD-3081,2025-11-29,2025-12-02,C068,Varun Nair,Corporate,West,Mumbai,Beauty,Haircare,P028,Shampoo and Conditioner,2,749,0.0,1498,700,798,N
ORD-3082,2025-11-30,2025-12-07,C057,Nikhil Rao,Corporate,West,Mumbai,Stationery,Paper,P013,Notebook,1,149,0.0,149,70,79,N
ORD-3083,2025-11-30,2025-12-06,C054,Sneha Mehta,Consumer,West,Mumbai,Apparel,Footwear,P020,Running Shoes,3,3299,0.2,7918,5700,2218,N
ORD-3084,2025-11-30,2025-12-06,C139,Ramesh Nair,Consumer,West,Pune,Beauty,Skincare,P029,Sunscreen SPF 50,1,599,0.0,599,270,329,N
ORD-3085,2025-11-30,2025-12-04,C214,Isha Nair,Consumer,West,Pune,Stationery,Desk,P032,Whiteboard,1,1299,0.0,1299,780,519,N
ORD-3086,2025-11-30,2025-12-05,C206,Nikhil Chopra,Consumer,West,Mumbai,Stationery,Desk,P030,Stapler Set,3,249,0.1,672,360,312,N
ORD-3087,2025-11-30,2025-12-06,C212,Karan Das,Home Office,South,Hyderabad,Stationery,Desk,P032,Whiteboard,2,1299,0.0,2598,1560,1038,N
ORD-3088,2025-11-30,2025-12-02,C180,Divya Verma,Corporate,North,Delhi,Stationery,Desk,P030,Stapler Set,2,249,0.0,498,240,258,N
ORD-3089,2025-12-01,2025-12-02,C164,Aarav Pillai,Consumer,West,Pune,Stationery,Writing,P014,Gel Pens Pack,1,199,0.0,199,90,109,N
ORD-3090,2025-12-01,2025-12-08,C045,Vivaan Bose,Consumer,South,Bengaluru,Home,Decor,P025,Cushion Cover Set,1,699,0.05,664,320,344,N
ORD-3091,2025-12-01,2025-12-04,C078,Isha Mehta,Consumer,North,Delhi,Electronics,Audio,P001,Wireless Earbuds,2,2499,0.0,4998,3000,1998,N
ORD-3092,2025-12-01,2025-12-03,C157,Aarav Bhatt,Corporate,South,Bengaluru,Home,Kitchen,P009,Coffee Maker,1,2999,0.05,2849,2000,849,N
ORD-3093,2025-12-01,2025-12-08,C102,Kunal Gupta,Consumer,West,Mumbai,Beauty,Haircare,P028,Shampoo and Conditioner,2,749,0.0,1498,700,798,N
ORD-3094,2025-12-02,2025-12-05,C102,Kunal Gupta,Consumer,West,Mumbai,Apparel,Bottomwear,P006,Denim Jeans,3,1999,0.2,4798,3150,1648,N
ORD-3095,2025-12-02,2025-12-08,C187,Ananya Bose,Consumer,North,Delhi,Apparel,Footwear,P020,Running Shoes,3,3299,0.1,8907,5700,3207,N
ORD-3096,2025-12-02,2025-12-05,C157,Aarav Bhatt,Corporate,South,Bengaluru,Electronics,Accessories,P019,Webcam HD,1,2199,0.2,1759,1400,359,N
ORD-3097,2025-12-02,2025-12-03,C021,Rajat Reddy,Consumer,West,Mumbai,Beauty,Haircare,P028,Shampoo and Conditioner,2,749,0.1,1348,700,648,N
ORD-3098,2025-12-02,2025-12-08,C178,Gaurav Pillai,Home Office,South,Bengaluru,Stationery,Paper,P013,Notebook,10,149,0.0,1490,700,790,N
ORD-3099,2025-12-02,2025-12-09,C048,Riya Kumar,Corporate,South,Chennai,Furniture,Storage,P035,Bookshelf,2,5999,0.2,9598,9200,398,N
ORD-3100,2025-12-03,2025-12-07,C109,Aarav Kulkarni,Home Office,South,Bengaluru,Stationery,Desk,P032,Whiteboard,1,1299,0.0,1299,780,519,N
ORD-3101,2025-12-03,2025-12-04,C049,Mohit Nair,Consumer,South,Bengaluru,Stationery,Desk,P032,Whiteboard,2,1299,0.0,2598,1560,1038,N
ORD-3102,2025-12-03,2025-12-08,C053,Gaurav Gupta,Consumer,South,Chennai,Electronics,Audio,P018,Noise-Cancelling Headphones,2,7999,0.0,15998,11200,4798,N
ORD-3103,2025-12-03,2025-12-07,C079,Sahil Saxena,Corporate,North,Delhi,Furniture,Seating,P033,Office Chair,5,8999,0.3,31496,34000,-2504,N
ORD-3104,2025-12-04,2025-12-06,C012,Suresh Desai,Home Office,South,Bengaluru,Apparel,Footwear,P020,Running Shoes,3,3299,0.5,4948,5700,-752,N
ORD-3105,2025-12-04,2025-12-08,C209,Aditya Malhotra,Consumer,East,Kolkata,Beauty,Haircare,P028,Shampoo and Conditioner,3,749,0.1,2022,1050,972,N
ORD-3106,2025-12-04,2025-12-10,C175,Divya Menon,Consumer,West,Mumbai,Beauty,Skincare,P029,Sunscreen SPF 50,2,599,0.1,1078,540,538,N
ORD-3107,2025-12-05,2025-12-09,C061,Sahil Patel,Consumer,South,Chennai,Furniture,Tables,P038,Bedside Table,2,3499,0.3,4899,5000,-101,N
ORD-3108,2025-12-05,2025-12-09,C051,Suresh Bhatt,Consumer,West,Mumbai,Home,Bedding,P008,Cotton Bedsheet,1,1299,0.05,1234,700,534,N
ORD-3109,2025-12-06,2025-12-10,C045,Vivaan Bose,Consumer,South,Bengaluru,Electronics,Audio,P018,Noise-Cancelling Headphones,3,7999,0.0,23997,16800,7197,N
ORD-3110,2025-12-06,2025-12-08,C110,Kavya Shah,Consumer,South,Chennai,Apparel,Footwear,P020,Running Shoes,1,3299,0.1,2969,1900,1069,N
ORD-3111,2025-12-06,2025-12-13,C142,Meera Menon,Consumer,South,Chennai,Apparel,Bottomwear,P006,Denim Jeans,1,1999,0.0,1999,1050,949,N
ORD-3112,2025-12-06,2025-12-12,C076,Varun Verma,Corporate,West,Mumbai,Stationery,Writing,P014,Gel Pens Pack,5,199,0.0,995,450,545,N
ORD-3113,2025-12-07,2025-12-14,C078,Isha Mehta,Consumer,North,Delhi,Home,Kitchen,P009,Coffee Maker,1,2999,0.0,2999,2000,999,N
ORD-3114,2025-12-07,2025-12-10,C038,Shreya Kapoor,Home Office,South,Hyderabad,Beauty,Skincare,P011,Face Serum,5,899,0.2,3596,1900,1696,N
ORD-3115,2025-12-07,2025-12-10,C172,Pankaj Kapoor,Home Office,South,Bengaluru,Home,Decor,P026,Wall Clock,2,1199,0.1,2158,1300,858,N
ORD-3116,2025-12-07,2025-12-11,C193,Riya Jain,Consumer,North,Delhi,Furniture,Seating,P033,Office Chair,2,8999,0.2,14398,13600,798,N
ORD-3117,2025-12-08,2025-12-10,C099,Ananya Bhatt,Consumer,South,Chennai,Beauty,Haircare,P028,Shampoo and Conditioner,1,749,0.1,674,350,324,N
ORD-3118,2025-12-08,2025-12-12,C107,Kunal Reddy,Consumer,West,Ahmedabad,Stationery,Writing,P014,Gel Pens Pack,3,199,0.0,597,270,327,N
ORD-3119,2025-12-08,2025-12-10,C058,Tarun Kapoor,Consumer,North,Delhi,Home,Decor,P010,Table Lamp,2,999,0.0,1998,1040,958,N
ORD-3120,2025-12-08,2025-12-14,C006,Kunal Bose,Consumer,East,Kolkata,Furniture,Tables,P034,Study Table,1,6499,0.3,4549,5000,-451,N
ORD-3121,2025-12-08,2025-12-15,C120,Anjali Patel,Consumer,North,Delhi,Apparel,Topwear,P007,Hoodie,1,1799,0.0,1799,950,849,N
ORD-3122,2025-12-08,2025-12-11,C183,Amit Chopra,Consumer,West,Mumbai,Apparel,Topwear,P007,Hoodie,1,1799,0.2,1439,950,489,N
ORD-3123,2025-12-08,2025-12-14,C051,Suresh Bhatt,Consumer,West,Mumbai,Furniture,Tables,P038,Bedside Table,1,3499,0.3,2449,2500,-51,N
ORD-3124,2025-12-08,2025-12-14,C083,Sneha Rao,Consumer,North,Delhi,Stationery,Desk,P032,Whiteboard,2,1299,0.0,2598,1560,1038,N
ORD-3125,2025-12-09,2025-12-15,C142,Meera Menon,Consumer,South,Chennai,Home,Bedding,P008,Cotton Bedsheet,4,1299,0.1,4676,2800,1876,N
ORD-3126,2025-12-09,2025-12-15,C110,Kavya Shah,Consumer,South,Chennai,Beauty,Skincare,P029,Sunscreen SPF 50,1,599,0.1,539,270,269,N
ORD-3127,2025-12-09,2025-12-12,C082,Rohan Nair,Consumer,West,Mumbai,Stationery,Paper,P013,Notebook,2,149,0.0,298,140,158,N
ORD-3128,2025-12-09,2025-12-12,C170,Arjun Verma,Consumer,South,Chennai,Apparel,Outerwear,P022,Winter Jacket,4,3999,0.1,14396,9600,4796,N
ORD-3129,2025-12-09,2025-12-10,C079,Sahil Saxena,Corporate,North,Delhi,Beauty,Fragrance,P012,Perfume,1,1599,0.1,1439,750,689,N
ORD-3130,2025-12-09,2025-12-16,C146,Ramesh Kapoor,Consumer,West,Pune,Apparel,Footwear,P020,Running Shoes,2,3299,0.0,6598,3800,2798,N
ORD-3131,2025-12-10,2025-12-13,C065,Aditya Shah,Consumer,South,Hyderabad,Home,Bedding,P008,Cotton Bedsheet,3,1299,0.1,3507,2100,1407,N
ORD-3132,2025-12-10,2025-12-15,C039,Pankaj Shah,Consumer,West,Mumbai,Home,Kitchen,P009,Coffee Maker,4,2999,0.2,9597,8000,1597,N
ORD-3133,2025-12-10,2025-12-17,C092,Riya Das,Consumer,South,Chennai,Beauty,Makeup,P027,Lip Balm Set,1,399,0.15,339,160,179,N
ORD-3134,2025-12-11,2025-12-18,C069,Vivaan Menon,Corporate,South,Chennai,Furniture,Tables,P034,Study Table,4,6499,0.1,23396,20000,3396,Y
ORD-3135,2025-12-11,2025-12-12,C060,Divya Mehta,Consumer,South,Hyderabad,Electronics,Audio,P018,Noise-Cancelling Headphones,1,7999,0.1,7199,5600,1599,N
ORD-3136,2025-12-11,2025-12-13,C085,Vivaan Jain,Home Office,South,Bengaluru,Home,Decor,P025,Cushion Cover Set,1,699,0.2,559,320,239,N
ORD-3137,2025-12-12,2025-12-13,C175,Divya Menon,Consumer,West,Mumbai,Beauty,Skincare,P029,Sunscreen SPF 50,1,599,0.1,539,270,269,N
ORD-3138,2025-12-12,2025-12-16,C082,Rohan Nair,Consumer,West,Mumbai,Beauty,Fragrance,P012,Perfume,1,1599,0.0,1599,750,849,N
ORD-3139,2025-12-12,2025-12-15,C137,Priya Verma,Consumer,South,Bengaluru,Electronics,Audio,P018,Noise-Cancelling Headphones,1,7999,0.1,7199,5600,1599,N
ORD-3140,2025-12-12,2025-12-14,C054,Sneha Mehta,Consumer,West,Mumbai,Electronics,Audio,P004,Bluetooth Speaker,1,3299,0.15,2804,2100,704,N
ORD-3141,2025-12-14,2025-12-18,C068,Varun Nair,Corporate,West,Mumbai,Furniture,Tables,P034,Study Table,3,6499,0.2,15598,15000,598,N
ORD-3142,2025-12-14,2025-12-15,C077,Yash Das,Consumer,West,Pune,Beauty,Skincare,P029,Sunscreen SPF 50,1,599,0.0,599,270,329,N
ORD-3143,2025-12-14,2025-12-16,C180,Divya Verma,Corporate,North,Delhi,Home,Decor,P025,Cushion Cover Set,1,699,0.0,699,320,379,N
ORD-3144,2025-12-14,2025-12-15,C095,Pooja Kapoor,Consumer,West,Pune,Home,Decor,P025,Cushion Cover Set,1,699,0.2,559,320,239,N
ORD-3145,2025-12-14,2025-12-15,C093,Gaurav Kapoor,Consumer,South,Hyderabad,Furniture,Tables,P038,Bedside Table,1,3499,0.3,2449,2500,-51,N
ORD-3146,2025-12-15,2025-12-21,C104,Isha Gupta,Consumer,West,Mumbai,Stationery,Writing,P014,Gel Pens Pack,1,199,0.0,199,90,109,N
ORD-3147,2025-12-15,2025-12-20,C082,Rohan Nair,Consumer,West,Mumbai,Stationery,Writing,P014,Gel Pens Pack,2,199,0.0,398,180,218,N
ORD-3148,2025-12-15,2025-12-18,C192,Priya Pillai,Consumer,South,Chennai,Furniture,Storage,P035,Bookshelf,1,5999,0.3,4199,4600,-401,N
ORD-3149,2025-12-15,2025-12-18,C219,Tanvi Saxena,Consumer,West,Mumbai,Furniture,Tables,P038,Bedside Table,1,3499,0.1,3149,2500,649,N
ORD-3150,2025-12-16,2025-12-20,C081,Arjun Iyer,Consumer,South,Bengaluru,Furniture,Seating,P033,Office Chair,1,8999,0.2,7199,6800,399,N
ORD-3151,2025-12-16,2025-12-18,C060,Divya Mehta,Consumer,South,Hyderabad,Home,Decor,P025,Cushion Cover Set,1,699,0.05,664,320,344,N
ORD-3152,2025-12-17,2025-12-23,C051,Suresh Bhatt,Consumer,West,Mumbai,Furniture,Storage,P035,Bookshelf,1,5999,0.0,5999,4600,1399,N
ORD-3153,2025-12-17,2025-12-23,C212,Karan Das,Home Office,South,Hyderabad,Furniture,Storage,P037,Shoe Rack,2,2499,0.2,3998,3400,598,N
ORD-3154,2025-12-17,2025-12-19,C117,Yash Shah,Corporate,South,Hyderabad,Apparel,Bottomwear,P023,Yoga Pants,1,1199,0.0,1199,600,599,N
ORD-3155,2025-12-17,2025-12-21,C004,Manoj Nair,Consumer,West,Pune,Stationery,Desk,P030,Stapler Set,5,249,0.05,1183,600,583,N
ORD-3156,2025-12-17,2025-12-23,C200,Aditya Joshi,Consumer,North,Delhi,Beauty,Fragrance,P012,Perfume,2,1599,0.3,2239,1500,739,N
ORD-3157,2025-12-17,2025-12-23,C111,Rahul Singh,Corporate,West,Mumbai,Beauty,Fragrance,P012,Perfume,5,1599,0.1,7196,3750,3446,N
ORD-3158,2025-12-18,2025-12-20,C094,Kavya Bose,Consumer,West,Ahmedabad,Beauty,Makeup,P027,Lip Balm Set,3,399,0.0,1197,480,717,N
ORD-3159,2025-12-18,2025-12-22,C072,Aditya Gupta,Consumer,North,Delhi,Apparel,Bottomwear,P023,Yoga Pants,2,1199,0.1,2158,1200,958,N
ORD-3160,2025-12-19,2025-12-23,C181,Sneha Bose,Corporate,West,Ahmedabad,Electronics,Audio,P018,Noise-Cancelling Headphones,2,7999,0.05,15198,11200,3998,N
ORD-3161,2025-12-19,2025-12-26,C183,Amit Chopra,Consumer,West,Mumbai,Beauty,Skincare,P011,Face Serum,5,899,0.1,4046,1900,2146,N
ORD-3162,2025-12-19,2025-12-24,C193,Riya Jain,Consumer,North,Delhi,Beauty,Fragrance,P012,Perfume,1,1599,0.1,1439,750,689,N
ORD-3163,2025-12-20,2025-12-24,C040,Shreya Desai,Corporate,South,Bengaluru,Stationery,Desk,P032,Whiteboard,1,1299,0.0,1299,780,519,N
ORD-3164,2025-12-20,2025-12-21,C103,Riya Singh,Home Office,West,Mumbai,Stationery,Writing,P014,Gel Pens Pack,10,199,0.0,1990,900,1090,N
ORD-3165,2025-12-20,2025-12-23,C065,Aditya Shah,Consumer,South,Hyderabad,Electronics,Accessories,P019,Webcam HD,1,2199,0.0,2199,1400,799,N
ORD-3166,2025-12-20,2025-12-27,C137,Priya Verma,Consumer,South,Bengaluru,Furniture,Seating,P033,Office Chair,1,8999,0.3,6299,6800,-501,N
ORD-3167,2025-12-20,2025-12-26,C085,Vivaan Jain,Home Office,South,Bengaluru,Stationery,Writing,P014,Gel Pens Pack,2,199,0.05,378,180,198,N
ORD-3168,2025-12-21,2025-12-23,C089,Divya Kumar,Consumer,South,Hyderabad,Stationery,Desk,P032,Whiteboard,5,1299,0.1,5846,3900,1946,N
ORD-3169,2025-12-21,2025-12-24,C012,Suresh Desai,Home Office,South,Bengaluru,Home,Decor,P010,Table Lamp,2,999,0.0,1998,1040,958,N
ORD-3170,2025-12-21,2025-12-22,C153,Meera Malhotra,Consumer,North,Delhi,Stationery,Paper,P013,Notebook,1,149,0.1,134,70,64,N
ORD-3171,2025-12-21,2025-12-24,C155,Deepak Patel,Consumer,North,Delhi,Furniture,Tables,P034,Study Table,2,6499,0.4,7799,10000,-2201,N
ORD-3172,2025-12-21,2025-12-25,C075,Vikram Joshi,Consumer,West,Mumbai,Electronics,Audio,P018,Noise-Cancelling Headphones,5,7999,0.05,37995,28000,9995,N
ORD-3173,2025-12-22,2025-12-27,C161,Sanjay Singh,Consumer,South,Chennai,Beauty,Skincare,P011,Face Serum,3,899,0.0,2697,1140,1557,N
ORD-3174,2025-12-22,2025-12-29,C060,Divya Mehta,Consumer,South,Hyderabad,Apparel,Bottomwear,P006,Denim Jeans,1,1999,0.0,1999,1050,949,N
ORD-3175,2025-12-23,2025-12-24,C084,Meera Chopra,Corporate,East,Kolkata,Home,Decor,P025,Cushion Cover Set,1,699,0.0,699,320,379,N
ORD-3176,2025-12-23,2025-12-30,C075,Vikram Joshi,Consumer,West,Mumbai,Home,Kitchen,P009,Coffee Maker,1,2999,0.0,2999,2000,999,N
ORD-3177,2025-12-23,2025-12-27,C197,Meera Nair,Corporate,East,Kolkata,Furniture,Storage,P035,Bookshelf,5,5999,0.2,23996,23000,996,N
ORD-3178,2025-12-23,2025-12-24,C112,Riya Chopra,Corporate,South,Hyderabad,Furniture,Tables,P034,Study Table,3,6499,0.1,17547,15000,2547,N
ORD-3179,2025-12-23,2025-12-24,C087,Isha Bhatt,Consumer,North,Delhi,Furniture,Storage,P035,Bookshelf,3,5999,0.3,12598,13800,-1202,N
ORD-3180,2025-12-24,2025-12-26,C214,Isha Nair,Consumer,West,Pune,Apparel,Topwear,P021,Formal Shirt,1,1499,0.2,1199,750,449,N
ORD-3181,2025-12-24,2025-12-31,C024,Rajat Bhatt,Consumer,South,Chennai,Apparel,Outerwear,P022,Winter Jacket,1,3999,0.0,3999,2400,1599,N
ORD-3182,2025-12-25,2025-12-28,C022,Gaurav Saxena,Consumer,West,Mumbai,Apparel,Footwear,P020,Running Shoes,1,3299,0.0,3299,1900,1399,N
ORD-3183,2025-12-26,2025-12-29,C160,Sahil Das,Consumer,South,Chennai,Electronics,Audio,P004,Bluetooth Speaker,1,3299,0.0,3299,2100,1199,N
ORD-3184,2025-12-26,2025-12-31,C188,Zoya Desai,Home Office,North,Delhi,Apparel,Bottomwear,P023,Yoga Pants,3,1199,0.1,3237,1800,1437,N
ORD-3185,2025-12-26,2025-12-28,C093,Gaurav Kapoor,Consumer,South,Hyderabad,Beauty,Haircare,P028,Shampoo and Conditioner,1,749,0.0,749,350,399,N
ORD-3186,2025-12-27,2026-01-01,C054,Sneha Mehta,Consumer,West,Mumbai,Apparel,Footwear,P020,Running Shoes,1,3299,0.1,2969,1900,1069,Y
ORD-3187,2025-12-28,2026-01-01,C162,Sahil Singh,Consumer,West,Mumbai,Home,Kitchen,P024,Air Fryer,2,5499,0.2,8798,7800,998,N
ORD-3188,2025-12-29,2026-01-04,C115,Naveen Desai,Consumer,West,Mumbai,Home,Kitchen,P009,Coffee Maker,5,2999,0.0,14995,10000,4995,N
ORD-3189,2025-12-29,2026-01-01,C174,Deepak Kumar,Corporate,West,Ahmedabad,Beauty,Makeup,P027,Lip Balm Set,2,399,0.15,678,320,358,N
ORD-3190,2025-12-29,2026-01-05,C093,Gaurav Kapoor,Consumer,South,Hyderabad,Stationery,Writing,P014,Gel Pens Pack,2,199,0.0,398,180,218,N
ORD-3191,2025-12-29,2026-01-01,C212,Karan Das,Home Office,South,Hyderabad,Stationery,Desk,P030,Stapler Set,2,249,0.05,473,240,233,N
ORD-3192,2025-12-29,2026-01-05,C137,Priya Verma,Consumer,South,Bengaluru,Furniture,Storage,P035,Bookshelf,1,5999,0.2,4799,4600,199,N
ORD-3193,2025-12-29,2025-12-30,C180,Divya Verma,Corporate,North,Delhi,Home,Decor,P010,Table Lamp,1,999,0.0,999,520,479,N
ORD-3194,2025-12-30,2026-01-01,C186,Ananya Shah,Corporate,North,Delhi,Home,Decor,P025,Cushion Cover Set,3,699,0.2,1678,960,718,N
ORD-3195,2025-12-30,2026-01-05,C019,Mohit Rao,Home Office,South,Bengaluru,Home,Bedding,P008,Cotton Bedsheet,3,1299,0.05,3702,2100,1602,N
ORD-3196,2025-12-30,2026-01-01,C074,Deepak Sharma,Consumer,West,Ahmedabad,Home,Kitchen,P009,Coffee Maker,2,2999,0.05,5698,4000,1698,N
ORD-3197,2025-12-30,2026-01-01,C042,Nikhil Joshi,Consumer,South,Hyderabad,Home,Decor,P025,Cushion Cover Set,1,699,0.05,664,320,344,N
ORD-3198,2025-12-30,2026-01-03,C014,Rahul Jain,Consumer,South,Bengaluru,Beauty,Fragrance,P012,Perfume,1,1599,0.0,1599,750,849,N
ORD-3199,2025-12-31,2026-01-03,C145,Kunal Rao,Corporate,West,Pune,Home,Decor,P010,Table Lamp,1,999,0.05,949,520,429,N
ORD-3200,2025-12-31,2026-01-01,C188,Zoya Desai,Home Office,North,Delhi,Apparel,Bottomwear,P006,Denim Jeans,1,1999,0.3,1399,1050,349,N
